"title","start_time","end_time","description","exercise_title","superset_id","exercise_notes","set_index","set_type","weight_kg","reps","distance_km","duration_seconds","rpe"
"legday funday","Aug 28, 2026 at 4:19 PM","Aug 28, 2026 at 5:08 PM","","Leg Extension (Machine)",,"",0,"normal",32,12,,,
"legday funday","Aug 28, 2026 at 4:19 PM","Aug 28, 2026 at 5:08 PM","","Leg Extension (Machine)",,"",1,"normal",39,12,,,
"legday funday","Aug 28, 2026 at 4:19 PM","Aug 28, 2026 at 5:08 PM","","Leg Extension (Machine)",,"",2,"normal",39,12,,,
"legday funday","Aug 28, 2026 at 4:19 PM","Aug 28, 2026 at 5:08 PM","","Leg Extension (Machine)",,"",3,"normal",45,12,,,
"legday funday","Aug 28, 2026 at 4:19 PM","Aug 28, 2026 at 5:08 PM","","Leg Extension (Machine)",,"",4,"normal",52,12,,,
"legday funday","Aug 28, 2026 at 4:19 PM","Aug 28, 2026 at 5:08 PM","","Sumo Squat (Kettlebell)",,"",0,"normal",10,12,,,
"legday funday","Aug 28, 2026 at 4:19 PM","Aug 28, 2026 at 5:08 PM","","Sumo Squat (Kettlebell)",,"",1,"normal",10,12,,,
"legday funday","Aug 28, 2026 at 4:19 PM","Aug 28, 2026 at 5:08 PM","","Sumo Squat (Kettlebell)",,"",2,"normal",10,12,,,
"legday funday","Aug 28, 2026 at 4:19 PM","Aug 28, 2026 at 5:08 PM","","Sumo Squat (Kettlebell)",,"",3,"normal",10,12,,,
"legday funday","Aug 28, 2026 at 4:19 PM","Aug 28, 2026 at 5:08 PM","","Sumo Squat (Kettlebell)",,"",4,"normal",10,12,,,
"legday funday","Aug 28, 2026 at 4:19 PM","Aug 28, 2026 at 5:08 PM","","Leg Press Horizontal (Machine)",,"",0,"normal",59,12,,,
"legday funday","Aug 28, 2026 at 4:19 PM","Aug 28, 2026 at 5:08 PM","","Leg Press Horizontal (Machine)",,"",1,"normal",66,12,,,
"legday funday","Aug 28, 2026 at 4:19 PM","Aug 28, 2026 at 5:08 PM","","Leg Press Horizontal (Machine)",,"",2,"normal",73,12,,,
"legday funday","Aug 28, 2026 at 4:19 PM","Aug 28, 2026 at 5:08 PM","","Leg Press Horizontal (Machine)",,"",3,"normal",79,12,,,
"legday funday","Aug 28, 2026 at 4:19 PM","Aug 28, 2026 at 5:08 PM","","Squat (Dumbbell)",,"",0,"normal",7.5,12,,,
"legday funday","Aug 28, 2026 at 4:19 PM","Aug 28, 2026 at 5:08 PM","","Squat (Dumbbell)",,"",1,"normal",7.5,12,,,
"legday funday","Aug 28, 2026 at 4:19 PM","Aug 28, 2026 at 5:08 PM","","Squat (Dumbbell)",,"",2,"normal",7.5,12,,,
"legday funday","Aug 28, 2026 at 4:19 PM","Aug 28, 2026 at 5:08 PM","","Squat (Dumbbell)",,"",3,"normal",7.5,12,,,
"legday funday","Aug 28, 2026 at 4:19 PM","Aug 28, 2026 at 5:08 PM","","Lying Leg Curl (Machine)",,"",0,"normal",22,12,,,
"legday funday","Aug 28, 2026 at 4:19 PM","Aug 28, 2026 at 5:08 PM","","Lying Leg Curl (Machine)",,"",1,"normal",27,12,,,
"legday funday","Aug 28, 2026 at 4:19 PM","Aug 28, 2026 at 5:08 PM","","Lying Leg Curl (Machine)",,"",2,"normal",32,12,,,
"legday funday","Aug 28, 2026 at 4:19 PM","Aug 28, 2026 at 5:08 PM","","Lying Leg Curl (Machine)",,"",3,"normal",39,12,,,
"legday funday","Aug 28, 2026 at 4:19 PM","Aug 28, 2026 at 5:08 PM","","Lunge (Dumbbell)",,"",0,"normal",6,12,,,
"legday funday","Aug 28, 2026 at 4:19 PM","Aug 28, 2026 at 5:08 PM","","Lunge (Dumbbell)",,"",1,"normal",6,12,,,
"legday funday","Aug 28, 2026 at 4:19 PM","Aug 28, 2026 at 5:08 PM","","Lunge (Dumbbell)",,"",2,"normal",6,12,,,
"legday funday","Aug 28, 2026 at 4:19 PM","Aug 28, 2026 at 5:08 PM","","Lunge (Dumbbell)",,"",3,"normal",6,12,,,
"night sesh","Aug 27, 2026 at 6:36 PM","Aug 27, 2026 at 7:33 PM","","Seated Cable Row - V Grip (Cable)",,"",0,"normal",25,12,,,
"night sesh","Aug 27, 2026 at 6:36 PM","Aug 27, 2026 at 7:33 PM","","Seated Cable Row - V Grip (Cable)",,"",1,"normal",32,12,,,
"night sesh","Aug 27, 2026 at 6:36 PM","Aug 27, 2026 at 7:33 PM","","Seated Cable Row - V Grip (Cable)",,"",2,"normal",39,12,,,
"night sesh","Aug 27, 2026 at 6:36 PM","Aug 27, 2026 at 7:33 PM","","Seated Cable Row - V Grip (Cable)",,"",3,"normal",45,12,,,
"night sesh","Aug 27, 2026 at 6:36 PM","Aug 27, 2026 at 7:33 PM","","Seated Cable Row - V Grip (Cable)",,"",4,"normal",45,12,,,
"night sesh","Aug 27, 2026 at 6:36 PM","Aug 27, 2026 at 7:33 PM","","Bicep Curl (Dumbbell)",,"",0,"normal",20,12,,,
"night sesh","Aug 27, 2026 at 6:36 PM","Aug 27, 2026 at 7:33 PM","","Bicep Curl (Dumbbell)",,"",1,"normal",20,12,,,
"night sesh","Aug 27, 2026 at 6:36 PM","Aug 27, 2026 at 7:33 PM","","Bicep Curl (Dumbbell)",,"",2,"normal",20,12,,,
"night sesh","Aug 27, 2026 at 6:36 PM","Aug 27, 2026 at 7:33 PM","","Bicep Curl (Dumbbell)",,"",3,"normal",20,12,,,
"night sesh","Aug 27, 2026 at 6:36 PM","Aug 27, 2026 at 7:33 PM","","Bicep Curl (Dumbbell)",,"",4,"normal",20,12,,,
"night sesh","Aug 27, 2026 at 6:36 PM","Aug 27, 2026 at 7:33 PM","","Lat Pulldown - Close Grip (Cable)",,"",0,"normal",25,12,,,
"night sesh","Aug 27, 2026 at 6:36 PM","Aug 27, 2026 at 7:33 PM","","Lat Pulldown - Close Grip (Cable)",,"",1,"normal",32,12,,,
"night sesh","Aug 27, 2026 at 6:36 PM","Aug 27, 2026 at 7:33 PM","","Lat Pulldown - Close Grip (Cable)",,"",2,"normal",39,12,,,
"night sesh","Aug 27, 2026 at 6:36 PM","Aug 27, 2026 at 7:33 PM","","Lat Pulldown - Close Grip (Cable)",,"",3,"normal",45,12,,,
"night sesh","Aug 27, 2026 at 6:36 PM","Aug 27, 2026 at 7:33 PM","","Hammer Curl (Dumbbell)",,"",0,"normal",15,12,,,
"night sesh","Aug 27, 2026 at 6:36 PM","Aug 27, 2026 at 7:33 PM","","Hammer Curl (Dumbbell)",,"",1,"normal",15,12,,,
"night sesh","Aug 27, 2026 at 6:36 PM","Aug 27, 2026 at 7:33 PM","","Hammer Curl (Dumbbell)",,"",2,"normal",15,12,,,
"night sesh","Aug 27, 2026 at 6:36 PM","Aug 27, 2026 at 7:33 PM","","Hammer Curl (Dumbbell)",,"",3,"normal",15,12,,,
"night sesh","Aug 27, 2026 at 6:36 PM","Aug 27, 2026 at 7:33 PM","","Back Extension (Weighted Hyperextension)",,"",0,"normal",10,12,,,
"night sesh","Aug 27, 2026 at 6:36 PM","Aug 27, 2026 at 7:33 PM","","Back Extension (Weighted Hyperextension)",,"",1,"normal",10,12,,,
"night sesh","Aug 27, 2026 at 6:36 PM","Aug 27, 2026 at 7:33 PM","","Back Extension (Weighted Hyperextension)",,"",2,"normal",10,12,,,
"night sesh","Aug 27, 2026 at 6:36 PM","Aug 27, 2026 at 7:33 PM","","Lateral Raise (Dumbbell)",,"",0,"normal",10,12,,,
"night sesh","Aug 27, 2026 at 6:36 PM","Aug 27, 2026 at 7:33 PM","","Lateral Raise (Dumbbell)",,"",1,"normal",10,12,,,
"night sesh","Aug 27, 2026 at 6:36 PM","Aug 27, 2026 at 7:33 PM","","Lateral Raise (Dumbbell)",,"",2,"normal",10,12,,,
"night sesh","Aug 27, 2026 at 6:36 PM","Aug 27, 2026 at 7:33 PM","","Treadmill",,"",0,"normal",,,1.3,900,
"push after bali + sunburned","Aug 26, 2026 at 4:15 PM","Aug 26, 2026 at 5:30 PM","","Chest Press (Machine)",,"",0,"normal",32,15,,,
"push after bali + sunburned","Aug 26, 2026 at 4:15 PM","Aug 26, 2026 at 5:30 PM","","Chest Press (Machine)",,"",1,"normal",39,12,,,
"push after bali + sunburned","Aug 26, 2026 at 4:15 PM","Aug 26, 2026 at 5:30 PM","","Chest Press (Machine)",,"",2,"normal",45,12,,,
"push after bali + sunburned","Aug 26, 2026 at 4:15 PM","Aug 26, 2026 at 5:30 PM","","Chest Press (Machine)",,"",3,"normal",52,12,,,
"push after bali + sunburned","Aug 26, 2026 at 4:15 PM","Aug 26, 2026 at 5:30 PM","","Chest Press (Machine)",,"",4,"normal",59,12,,,
"push after bali + sunburned","Aug 26, 2026 at 4:15 PM","Aug 26, 2026 at 5:30 PM","","Triceps Extension (Dumbbell)",,"",0,"normal",10,12,,,
"push after bali + sunburned","Aug 26, 2026 at 4:15 PM","Aug 26, 2026 at 5:30 PM","","Triceps Extension (Dumbbell)",,"",1,"normal",10,12,,,
"push after bali + sunburned","Aug 26, 2026 at 4:15 PM","Aug 26, 2026 at 5:30 PM","","Triceps Extension (Dumbbell)",,"",2,"normal",10,12,,,
"push after bali + sunburned","Aug 26, 2026 at 4:15 PM","Aug 26, 2026 at 5:30 PM","","Triceps Extension (Dumbbell)",,"",3,"normal",10,12,,,
"push after bali + sunburned","Aug 26, 2026 at 4:15 PM","Aug 26, 2026 at 5:30 PM","","Front Raise (Dumbbell)",,"",0,"normal",6,12,,,
"push after bali + sunburned","Aug 26, 2026 at 4:15 PM","Aug 26, 2026 at 5:30 PM","","Front Raise (Dumbbell)",,"",1,"normal",6,12,,,
"push after bali + sunburned","Aug 26, 2026 at 4:15 PM","Aug 26, 2026 at 5:30 PM","","Front Raise (Dumbbell)",,"",2,"normal",6,12,,,
"push after bali + sunburned","Aug 26, 2026 at 4:15 PM","Aug 26, 2026 at 5:30 PM","","Front Raise (Dumbbell)",,"",3,"normal",6,12,,,
"push after bali + sunburned","Aug 26, 2026 at 4:15 PM","Aug 26, 2026 at 5:30 PM","","Seated Shoulder Press (Machine)",,"",0,"normal",18,12,,,
"push after bali + sunburned","Aug 26, 2026 at 4:15 PM","Aug 26, 2026 at 5:30 PM","","Seated Shoulder Press (Machine)",,"",1,"normal",22,12,,,
"push after bali + sunburned","Aug 26, 2026 at 4:15 PM","Aug 26, 2026 at 5:30 PM","","Seated Shoulder Press (Machine)",,"",2,"normal",27,12,,,
"push after bali + sunburned","Aug 26, 2026 at 4:15 PM","Aug 26, 2026 at 5:30 PM","","Seated Shoulder Press (Machine)",,"",3,"normal",32,12,,,
"push after bali + sunburned","Aug 26, 2026 at 4:15 PM","Aug 26, 2026 at 5:30 PM","","Bent Over Row (Dumbbell)",,"",0,"normal",15,24,,,
"push after bali + sunburned","Aug 26, 2026 at 4:15 PM","Aug 26, 2026 at 5:30 PM","","Bent Over Row (Dumbbell)",,"",1,"normal",15,24,,,
"push after bali + sunburned","Aug 26, 2026 at 4:15 PM","Aug 26, 2026 at 5:30 PM","","Bent Over Row (Dumbbell)",,"",2,"normal",15,24,,,
"push after bali + sunburned","Aug 26, 2026 at 4:15 PM","Aug 26, 2026 at 5:30 PM","","Bent Over Row (Dumbbell)",,"",3,"normal",15,24,,,
"push after bali + sunburned","Aug 26, 2026 at 4:15 PM","Aug 26, 2026 at 5:30 PM","","Bicep Curl (Dumbbell)",,"",0,"normal",10,12,,,
"push after bali + sunburned","Aug 26, 2026 at 4:15 PM","Aug 26, 2026 at 5:30 PM","","Bicep Curl (Dumbbell)",,"",1,"normal",14,12,,,
"push after bali + sunburned","Aug 26, 2026 at 4:15 PM","Aug 26, 2026 at 5:30 PM","","Bicep Curl (Dumbbell)",,"",2,"normal",20,12,,,
"push after bali + sunburned","Aug 26, 2026 at 4:15 PM","Aug 26, 2026 at 5:30 PM","","Bicep Curl (Dumbbell)",,"",3,"normal",20,12,,,
"push after bali + sunburned","Aug 26, 2026 at 4:15 PM","Aug 26, 2026 at 5:30 PM","","Hammer Curl (Dumbbell)",,"",0,"normal",20,12,,,
"push after bali + sunburned","Aug 26, 2026 at 4:15 PM","Aug 26, 2026 at 5:30 PM","","Hammer Curl (Dumbbell)",,"",1,"normal",20,12,,,
"push after bali + sunburned","Aug 26, 2026 at 4:15 PM","Aug 26, 2026 at 5:30 PM","","Hammer Curl (Dumbbell)",,"",2,"normal",20,12,,,
"push after bali + sunburned","Aug 26, 2026 at 4:15 PM","Aug 26, 2026 at 5:30 PM","","Hammer Curl (Dumbbell)",,"",3,"normal",20,12,,,
"push after bali + sunburned","Aug 26, 2026 at 4:15 PM","Aug 26, 2026 at 5:30 PM","","Upright Row (Barbell)",,"",0,"normal",10,12,,,
"push after bali + sunburned","Aug 26, 2026 at 4:15 PM","Aug 26, 2026 at 5:30 PM","","Upright Row (Barbell)",,"",1,"normal",20,12,,,
"push after bali + sunburned","Aug 26, 2026 at 4:15 PM","Aug 26, 2026 at 5:30 PM","","Upright Row (Barbell)",,"",2,"normal",20,12,,,
"push after bali + sunburned","Aug 26, 2026 at 4:15 PM","Aug 26, 2026 at 5:30 PM","","Upright Row (Barbell)",,"",3,"normal",20,12,,,
"saturday legday","Aug 15, 2026 at 3:42 PM","Aug 15, 2026 at 4:29 PM","","Leg Extension (Machine)",,"",0,"normal",32,12,,,
"saturday legday","Aug 15, 2026 at 3:42 PM","Aug 15, 2026 at 4:29 PM","","Leg Extension (Machine)",,"",1,"normal",39,12,,,
"saturday legday","Aug 15, 2026 at 3:42 PM","Aug 15, 2026 at 4:29 PM","","Leg Extension (Machine)",,"",2,"normal",39,12,,,
"saturday legday","Aug 15, 2026 at 3:42 PM","Aug 15, 2026 at 4:29 PM","","Leg Extension (Machine)",,"",3,"normal",45,12,,,
"saturday legday","Aug 15, 2026 at 3:42 PM","Aug 15, 2026 at 4:29 PM","","Squat (Dumbbell)",,"",0,"normal",10,12,,,
"saturday legday","Aug 15, 2026 at 3:42 PM","Aug 15, 2026 at 4:29 PM","","Squat (Dumbbell)",,"",1,"normal",10,12,,,
"saturday legday","Aug 15, 2026 at 3:42 PM","Aug 15, 2026 at 4:29 PM","","Squat (Dumbbell)",,"",2,"normal",10,12,,,
"saturday legday","Aug 15, 2026 at 3:42 PM","Aug 15, 2026 at 4:29 PM","","Squat (Dumbbell)",,"",3,"normal",10,12,,,
"saturday legday","Aug 15, 2026 at 3:42 PM","Aug 15, 2026 at 4:29 PM","","Leg Press Horizontal (Machine)",,"",0,"normal",66,12,,,
"saturday legday","Aug 15, 2026 at 3:42 PM","Aug 15, 2026 at 4:29 PM","","Leg Press Horizontal (Machine)",,"",1,"normal",73,12,,,
"saturday legday","Aug 15, 2026 at 3:42 PM","Aug 15, 2026 at 4:29 PM","","Leg Press Horizontal (Machine)",,"",2,"normal",79,12,,,
"saturday legday","Aug 15, 2026 at 3:42 PM","Aug 15, 2026 at 4:29 PM","","Leg Press Horizontal (Machine)",,"",3,"normal",86,12,,,
"saturday legday","Aug 15, 2026 at 3:42 PM","Aug 15, 2026 at 4:29 PM","","Lunge (Dumbbell)",,"",0,"normal",10,12,,,
"saturday legday","Aug 15, 2026 at 3:42 PM","Aug 15, 2026 at 4:29 PM","","Lunge (Dumbbell)",,"",1,"normal",10,12,,,
"saturday legday","Aug 15, 2026 at 3:42 PM","Aug 15, 2026 at 4:29 PM","","Lunge (Dumbbell)",,"",2,"normal",10,12,,,
"saturday legday","Aug 15, 2026 at 3:42 PM","Aug 15, 2026 at 4:29 PM","","Lunge (Dumbbell)",,"",3,"normal",10,12,,,
"saturday legday","Aug 15, 2026 at 3:42 PM","Aug 15, 2026 at 4:29 PM","","Romanian Deadlift (Dumbbell)",,"",0,"normal",10,12,,,
"saturday legday","Aug 15, 2026 at 3:42 PM","Aug 15, 2026 at 4:29 PM","","Romanian Deadlift (Dumbbell)",,"",1,"normal",10,12,,,
"saturday legday","Aug 15, 2026 at 3:42 PM","Aug 15, 2026 at 4:29 PM","","Romanian Deadlift (Dumbbell)",,"",2,"normal",10,12,,,
"saturday legday","Aug 15, 2026 at 3:42 PM","Aug 15, 2026 at 4:29 PM","","Romanian Deadlift (Dumbbell)",,"",3,"normal",10,12,,,
"saturday legday","Aug 15, 2026 at 3:42 PM","Aug 15, 2026 at 4:29 PM","","Chest Fly (Dumbbell)",,"",0,"normal",20,12,,,
"saturday legday","Aug 15, 2026 at 3:42 PM","Aug 15, 2026 at 4:29 PM","","Chest Fly (Dumbbell)",,"",1,"normal",20,12,,,
"saturday legday","Aug 15, 2026 at 3:42 PM","Aug 15, 2026 at 4:29 PM","","Chest Fly (Dumbbell)",,"",2,"normal",20,12,,,
"saturday legday","Aug 15, 2026 at 3:42 PM","Aug 15, 2026 at 4:29 PM","","Chest Fly (Dumbbell)",,"",3,"normal",20,12,,,
"saturday legday","Aug 15, 2026 at 3:42 PM","Aug 15, 2026 at 4:29 PM","","Shoulder Press (Dumbbell)",,"",0,"normal",15,12,,,
"saturday legday","Aug 15, 2026 at 3:42 PM","Aug 15, 2026 at 4:29 PM","","Shoulder Press (Dumbbell)",,"",1,"normal",15,12,,,
"saturday legday","Aug 15, 2026 at 3:42 PM","Aug 15, 2026 at 4:29 PM","","Shoulder Press (Dumbbell)",,"",2,"normal",15,12,,,
"saturday legday","Aug 15, 2026 at 3:42 PM","Aug 15, 2026 at 4:29 PM","","Shoulder Press (Dumbbell)",,"",3,"normal",15,12,,,
"upper push","Aug 14, 2026 at 3:32 PM","Aug 14, 2026 at 4:21 PM","","Seated Cable Row - V Grip (Cable)",,"",0,"normal",25,12,,,
"upper push","Aug 14, 2026 at 3:32 PM","Aug 14, 2026 at 4:21 PM","","Seated Cable Row - V Grip (Cable)",,"",1,"normal",32,12,,,
"upper push","Aug 14, 2026 at 3:32 PM","Aug 14, 2026 at 4:21 PM","","Seated Cable Row - V Grip (Cable)",,"",2,"normal",39,12,,,
"upper push","Aug 14, 2026 at 3:32 PM","Aug 14, 2026 at 4:21 PM","","Seated Cable Row - V Grip (Cable)",,"",3,"normal",45,12,,,
"upper push","Aug 14, 2026 at 3:32 PM","Aug 14, 2026 at 4:21 PM","","Bicep Curl (Cable)",,"",0,"normal",27,12,,,
"upper push","Aug 14, 2026 at 3:32 PM","Aug 14, 2026 at 4:21 PM","","Bicep Curl (Cable)",,"",1,"normal",27,12,,,
"upper push","Aug 14, 2026 at 3:32 PM","Aug 14, 2026 at 4:21 PM","","Bicep Curl (Cable)",,"",2,"normal",27,12,,,
"upper push","Aug 14, 2026 at 3:32 PM","Aug 14, 2026 at 4:21 PM","","Bicep Curl (Cable)",,"",3,"normal",27,12,,,
"upper push","Aug 14, 2026 at 3:32 PM","Aug 14, 2026 at 4:21 PM","","Incline Bench Press (Barbell)",,"",0,"normal",30,12,,,
"upper push","Aug 14, 2026 at 3:32 PM","Aug 14, 2026 at 4:21 PM","","Incline Bench Press (Barbell)",,"",1,"normal",60,12,,,
"upper push","Aug 14, 2026 at 3:32 PM","Aug 14, 2026 at 4:21 PM","","Incline Bench Press (Barbell)",,"",2,"normal",60,12,,,
"upper push","Aug 14, 2026 at 3:32 PM","Aug 14, 2026 at 4:21 PM","","Incline Bench Press (Barbell)",,"",3,"normal",60,12,,,
"upper push","Aug 14, 2026 at 3:32 PM","Aug 14, 2026 at 4:21 PM","","Triceps Pressdown",,"",0,"normal",32,12,,,
"upper push","Aug 14, 2026 at 3:32 PM","Aug 14, 2026 at 4:21 PM","","Triceps Pressdown",,"",1,"normal",36,12,,,
"upper push","Aug 14, 2026 at 3:32 PM","Aug 14, 2026 at 4:21 PM","","Triceps Pressdown",,"",2,"normal",36,12,,,
"upper push","Aug 14, 2026 at 3:32 PM","Aug 14, 2026 at 4:21 PM","","Triceps Pressdown",,"",3,"normal",36,12,,,
"upper push","Aug 14, 2026 at 3:32 PM","Aug 14, 2026 at 4:21 PM","","Bench Press (Dumbbell)",,"",0,"normal",20,12,,,
"upper push","Aug 14, 2026 at 3:32 PM","Aug 14, 2026 at 4:21 PM","","Bench Press (Dumbbell)",,"",1,"normal",20,12,,,
"upper push","Aug 14, 2026 at 3:32 PM","Aug 14, 2026 at 4:21 PM","","Bench Press (Dumbbell)",,"",2,"normal",20,12,,,
"upper push","Aug 14, 2026 at 3:32 PM","Aug 14, 2026 at 4:21 PM","","Bench Press (Dumbbell)",,"",3,"normal",20,12,,,
"upper push","Aug 14, 2026 at 3:32 PM","Aug 14, 2026 at 4:21 PM","","Lateral Raise (Dumbbell)",,"",0,"normal",6,12,,,
"upper push","Aug 14, 2026 at 3:32 PM","Aug 14, 2026 at 4:21 PM","","Lateral Raise (Dumbbell)",,"",1,"normal",6,12,,,
"upper push","Aug 14, 2026 at 3:32 PM","Aug 14, 2026 at 4:21 PM","","Lateral Raise (Dumbbell)",,"",2,"normal",6,12,,,
"upper push","Aug 14, 2026 at 3:32 PM","Aug 14, 2026 at 4:21 PM","","Lateral Raise (Dumbbell)",,"",3,"normal",6,12,,,
"upper push","Aug 14, 2026 at 3:32 PM","Aug 14, 2026 at 4:21 PM","","Shoulder Press (Dumbbell)",,"",0,"normal",20,12,,,
"upper push","Aug 14, 2026 at 3:32 PM","Aug 14, 2026 at 4:21 PM","","Shoulder Press (Dumbbell)",,"",1,"normal",20,12,,,
"upper push","Aug 14, 2026 at 3:32 PM","Aug 14, 2026 at 4:21 PM","","Shoulder Press (Dumbbell)",,"",2,"normal",20,12,,,
"upper push","Aug 14, 2026 at 3:32 PM","Aug 14, 2026 at 4:21 PM","","Front Raise (Dumbbell)",,"",0,"normal",6,12,,,
"upper push","Aug 14, 2026 at 3:32 PM","Aug 14, 2026 at 4:21 PM","","Front Raise (Dumbbell)",,"",1,"normal",6,12,,,
"upper push","Aug 14, 2026 at 3:32 PM","Aug 14, 2026 at 4:21 PM","","Front Raise (Dumbbell)",,"",2,"normal",6,12,,,
"legs & arms","Aug 12, 2026 at 2:06 PM","Aug 12, 2026 at 2:56 PM","","Leg Extension (Machine)",,"",0,"normal",25,12,,,
"legs & arms","Aug 12, 2026 at 2:06 PM","Aug 12, 2026 at 2:56 PM","","Leg Extension (Machine)",,"",1,"normal",32,12,,,
"legs & arms","Aug 12, 2026 at 2:06 PM","Aug 12, 2026 at 2:56 PM","","Leg Extension (Machine)",,"",2,"normal",39,12,,,
"legs & arms","Aug 12, 2026 at 2:06 PM","Aug 12, 2026 at 2:56 PM","","Leg Extension (Machine)",,"",3,"normal",39,12,,,
"legs & arms","Aug 12, 2026 at 2:06 PM","Aug 12, 2026 at 2:56 PM","","Leg Extension (Machine)",,"",4,"normal",45,12,,,
"legs & arms","Aug 12, 2026 at 2:06 PM","Aug 12, 2026 at 2:56 PM","","Lying Leg Curl (Machine)",,"",0,"normal",18,12,,,
"legs & arms","Aug 12, 2026 at 2:06 PM","Aug 12, 2026 at 2:56 PM","","Lying Leg Curl (Machine)",,"",1,"normal",22,12,,,
"legs & arms","Aug 12, 2026 at 2:06 PM","Aug 12, 2026 at 2:56 PM","","Lying Leg Curl (Machine)",,"",2,"normal",27,12,,,
"legs & arms","Aug 12, 2026 at 2:06 PM","Aug 12, 2026 at 2:56 PM","","Lying Leg Curl (Machine)",,"",3,"normal",27,12,,,
"legs & arms","Aug 12, 2026 at 2:06 PM","Aug 12, 2026 at 2:56 PM","","Sumo Squat (Kettlebell)",,"",0,"normal",8,12,,,
"legs & arms","Aug 12, 2026 at 2:06 PM","Aug 12, 2026 at 2:56 PM","","Sumo Squat (Kettlebell)",,"",1,"normal",8,12,,,
"legs & arms","Aug 12, 2026 at 2:06 PM","Aug 12, 2026 at 2:56 PM","","Sumo Squat (Kettlebell)",,"",2,"normal",8,12,,,
"legs & arms","Aug 12, 2026 at 2:06 PM","Aug 12, 2026 at 2:56 PM","","Sumo Squat (Kettlebell)",,"",3,"normal",8,12,,,
"legs & arms","Aug 12, 2026 at 2:06 PM","Aug 12, 2026 at 2:56 PM","","Lunge",,"",0,"normal",,12,,,
"legs & arms","Aug 12, 2026 at 2:06 PM","Aug 12, 2026 at 2:56 PM","","Lunge",,"",1,"normal",,12,,,
"legs & arms","Aug 12, 2026 at 2:06 PM","Aug 12, 2026 at 2:56 PM","","Lunge",,"",2,"normal",,12,,,
"legs & arms","Aug 12, 2026 at 2:06 PM","Aug 12, 2026 at 2:56 PM","","Lunge",,"",3,"normal",,12,,,
"legs & arms","Aug 12, 2026 at 2:06 PM","Aug 12, 2026 at 2:56 PM","","Bicep Curl (Dumbbell)",,"",0,"normal",10,12,,,
"legs & arms","Aug 12, 2026 at 2:06 PM","Aug 12, 2026 at 2:56 PM","","Bicep Curl (Dumbbell)",,"",1,"normal",14,12,,,
"legs & arms","Aug 12, 2026 at 2:06 PM","Aug 12, 2026 at 2:56 PM","","Bicep Curl (Dumbbell)",,"",2,"normal",14,12,,,
"legs & arms","Aug 12, 2026 at 2:06 PM","Aug 12, 2026 at 2:56 PM","","Bicep Curl (Dumbbell)",,"",3,"normal",16,12,,,
"legs & arms","Aug 12, 2026 at 2:06 PM","Aug 12, 2026 at 2:56 PM","","Triceps Pressdown",,"",0,"normal",27,12,,,
"legs & arms","Aug 12, 2026 at 2:06 PM","Aug 12, 2026 at 2:56 PM","","Triceps Pressdown",,"",1,"normal",32,12,,,
"legs & arms","Aug 12, 2026 at 2:06 PM","Aug 12, 2026 at 2:56 PM","","Triceps Pressdown",,"",2,"normal",36,12,,,
"legs & arms","Aug 12, 2026 at 2:06 PM","Aug 12, 2026 at 2:56 PM","","Triceps Pressdown",,"",3,"normal",36,12,,,
"upper pump","Aug 11, 2026 at 3:13 PM","Aug 11, 2026 at 4:03 PM","","Lat Pulldown - Close Grip (Cable)",,"",0,"normal",25,12,,,
"upper pump","Aug 11, 2026 at 3:13 PM","Aug 11, 2026 at 4:03 PM","","Lat Pulldown - Close Grip (Cable)",,"",1,"normal",32,12,,,
"upper pump","Aug 11, 2026 at 3:13 PM","Aug 11, 2026 at 4:03 PM","","Lat Pulldown - Close Grip (Cable)",,"",2,"normal",39,12,,,
"upper pump","Aug 11, 2026 at 3:13 PM","Aug 11, 2026 at 4:03 PM","","Lat Pulldown - Close Grip (Cable)",,"",3,"normal",45,12,,,
"upper pump","Aug 11, 2026 at 3:13 PM","Aug 11, 2026 at 4:03 PM","","Lat Pulldown - Close Grip (Cable)",,"",4,"normal",52,12,,,
"upper pump","Aug 11, 2026 at 3:13 PM","Aug 11, 2026 at 4:03 PM","","Hammer Curl (Dumbbell)",,"",0,"normal",10,12,,,
"upper pump","Aug 11, 2026 at 3:13 PM","Aug 11, 2026 at 4:03 PM","","Hammer Curl (Dumbbell)",,"",1,"normal",10,12,,,
"upper pump","Aug 11, 2026 at 3:13 PM","Aug 11, 2026 at 4:03 PM","","Hammer Curl (Dumbbell)",,"",2,"normal",10,12,,,
"upper pump","Aug 11, 2026 at 3:13 PM","Aug 11, 2026 at 4:03 PM","","Hammer Curl (Dumbbell)",,"",3,"normal",10,12,,,
"upper pump","Aug 11, 2026 at 3:13 PM","Aug 11, 2026 at 4:03 PM","","Hammer Curl (Dumbbell)",,"",4,"normal",10,12,,,
"upper pump","Aug 11, 2026 at 3:13 PM","Aug 11, 2026 at 4:03 PM","","Seated Cable Row - V Grip (Cable)",,"",0,"normal",39,12,,,
"upper pump","Aug 11, 2026 at 3:13 PM","Aug 11, 2026 at 4:03 PM","","Seated Cable Row - V Grip (Cable)",,"",1,"normal",39,12,,,
"upper pump","Aug 11, 2026 at 3:13 PM","Aug 11, 2026 at 4:03 PM","","Seated Cable Row - V Grip (Cable)",,"",2,"normal",45,12,,,
"upper pump","Aug 11, 2026 at 3:13 PM","Aug 11, 2026 at 4:03 PM","","Seated Cable Row - V Grip (Cable)",,"",3,"normal",45,12,,,
"upper pump","Aug 11, 2026 at 3:13 PM","Aug 11, 2026 at 4:03 PM","","Bicep Curl (Cable)",,"",0,"normal",18,12,,,
"upper pump","Aug 11, 2026 at 3:13 PM","Aug 11, 2026 at 4:03 PM","","Bicep Curl (Cable)",,"",1,"normal",18,12,,,
"upper pump","Aug 11, 2026 at 3:13 PM","Aug 11, 2026 at 4:03 PM","","Bicep Curl (Cable)",,"",2,"normal",18,12,,,
"upper pump","Aug 11, 2026 at 3:13 PM","Aug 11, 2026 at 4:03 PM","","Bicep Curl (Cable)",,"",3,"normal",18,12,,,
"upper pump","Aug 11, 2026 at 3:13 PM","Aug 11, 2026 at 4:03 PM","","Chest Press (Machine)",,"",0,"normal",25,12,,,
"upper pump","Aug 11, 2026 at 3:13 PM","Aug 11, 2026 at 4:03 PM","","Chest Press (Machine)",,"",1,"normal",39,12,,,
"upper pump","Aug 11, 2026 at 3:13 PM","Aug 11, 2026 at 4:03 PM","","Chest Press (Machine)",,"",2,"normal",39,12,,,
"upper pump","Aug 11, 2026 at 3:13 PM","Aug 11, 2026 at 4:03 PM","","Lateral Raise (Dumbbell)",,"",0,"normal",10,12,,,
"upper pump","Aug 11, 2026 at 3:13 PM","Aug 11, 2026 at 4:03 PM","","Lateral Raise (Dumbbell)",,"",1,"normal",10,12,,,
"upper pump","Aug 11, 2026 at 3:13 PM","Aug 11, 2026 at 4:03 PM","","Lateral Raise (Dumbbell)",,"",2,"normal",10,12,,,
"upper pump","Aug 11, 2026 at 3:13 PM","Aug 11, 2026 at 4:03 PM","","Seated Shoulder Press (Machine)",,"",0,"normal",18,12,,,
"upper pump","Aug 11, 2026 at 3:13 PM","Aug 11, 2026 at 4:03 PM","","Seated Shoulder Press (Machine)",,"",1,"normal",22,12,,,
"upper pump","Aug 11, 2026 at 3:13 PM","Aug 11, 2026 at 4:03 PM","","Seated Shoulder Press (Machine)",,"",2,"normal",27,12,,,
"full body weekend","Aug 8, 2026 at 4:18 PM","Aug 8, 2026 at 5:09 PM","","Leg Extension (Machine)",,"",0,"normal",18,12,,,
"full body weekend","Aug 8, 2026 at 4:18 PM","Aug 8, 2026 at 5:09 PM","","Leg Extension (Machine)",,"",1,"normal",39,12,,,
"full body weekend","Aug 8, 2026 at 4:18 PM","Aug 8, 2026 at 5:09 PM","","Leg Extension (Machine)",,"",2,"normal",39,12,,,
"full body weekend","Aug 8, 2026 at 4:18 PM","Aug 8, 2026 at 5:09 PM","","Leg Extension (Machine)",,"",3,"normal",39,12,,,
"full body weekend","Aug 8, 2026 at 4:18 PM","Aug 8, 2026 at 5:09 PM","","Leg Extension (Machine)",,"",4,"normal",45,12,,,
"full body weekend","Aug 8, 2026 at 4:18 PM","Aug 8, 2026 at 5:09 PM","","Leg Press Horizontal (Machine)",,"",0,"normal",59,12,,,
"full body weekend","Aug 8, 2026 at 4:18 PM","Aug 8, 2026 at 5:09 PM","","Leg Press Horizontal (Machine)",,"",1,"normal",66,12,,,
"full body weekend","Aug 8, 2026 at 4:18 PM","Aug 8, 2026 at 5:09 PM","","Leg Press Horizontal (Machine)",,"",2,"normal",66,12,,,
"full body weekend","Aug 8, 2026 at 4:18 PM","Aug 8, 2026 at 5:09 PM","","Leg Press Horizontal (Machine)",,"",3,"normal",73,12,,,
"full body weekend","Aug 8, 2026 at 4:18 PM","Aug 8, 2026 at 5:09 PM","","Squat (Dumbbell)",,"",0,"normal",7.5,12,,,
"full body weekend","Aug 8, 2026 at 4:18 PM","Aug 8, 2026 at 5:09 PM","","Squat (Dumbbell)",,"",1,"normal",7.5,12,,,
"full body weekend","Aug 8, 2026 at 4:18 PM","Aug 8, 2026 at 5:09 PM","","Squat (Dumbbell)",,"",2,"normal",7.5,12,,,
"full body weekend","Aug 8, 2026 at 4:18 PM","Aug 8, 2026 at 5:09 PM","","Lat Pulldown - Close Grip (Cable)",,"",0,"normal",32,12,,,
"full body weekend","Aug 8, 2026 at 4:18 PM","Aug 8, 2026 at 5:09 PM","","Lat Pulldown - Close Grip (Cable)",,"",1,"normal",39,12,,,
"full body weekend","Aug 8, 2026 at 4:18 PM","Aug 8, 2026 at 5:09 PM","","Lat Pulldown - Close Grip (Cable)",,"",2,"normal",45,12,,,
"full body weekend","Aug 8, 2026 at 4:18 PM","Aug 8, 2026 at 5:09 PM","","Bicep Curl (Cable)",,"",0,"normal",18,12,,,
"full body weekend","Aug 8, 2026 at 4:18 PM","Aug 8, 2026 at 5:09 PM","","Bicep Curl (Cable)",,"",1,"normal",18,12,,,
"full body weekend","Aug 8, 2026 at 4:18 PM","Aug 8, 2026 at 5:09 PM","","Bicep Curl (Cable)",,"",2,"normal",18,12,,,
"full body weekend","Aug 8, 2026 at 4:18 PM","Aug 8, 2026 at 5:09 PM","","Chest Press (Machine)",,"",0,"normal",25,12,,,
"full body weekend","Aug 8, 2026 at 4:18 PM","Aug 8, 2026 at 5:09 PM","","Chest Press (Machine)",,"",1,"normal",32,12,,,
"full body weekend","Aug 8, 2026 at 4:18 PM","Aug 8, 2026 at 5:09 PM","","Chest Press (Machine)",,"",2,"normal",39,12,,,
"full body weekend","Aug 8, 2026 at 4:18 PM","Aug 8, 2026 at 5:09 PM","","Shoulder Press (Dumbbell)",,"",0,"normal",15,12,,,
"full body weekend","Aug 8, 2026 at 4:18 PM","Aug 8, 2026 at 5:09 PM","","Shoulder Press (Dumbbell)",,"",1,"normal",15,12,,,
"full body weekend","Aug 8, 2026 at 4:18 PM","Aug 8, 2026 at 5:09 PM","","Shoulder Press (Dumbbell)",,"",2,"normal",15,12,,,
"after ankle restart","Aug 6, 2026 at 3:30 PM","Aug 6, 2026 at 4:28 PM","","Seated Shoulder Press (Machine)",,"",0,"normal",18,12,,,
"after ankle restart","Aug 6, 2026 at 3:30 PM","Aug 6, 2026 at 4:28 PM","","Seated Shoulder Press (Machine)",,"",1,"normal",22,12,,,
"after ankle restart","Aug 6, 2026 at 3:30 PM","Aug 6, 2026 at 4:28 PM","","Seated Shoulder Press (Machine)",,"",2,"normal",27,12,,,
"after ankle restart","Aug 6, 2026 at 3:30 PM","Aug 6, 2026 at 4:28 PM","","Seated Shoulder Press (Machine)",,"",3,"normal",32,12,,,
"after ankle restart","Aug 6, 2026 at 3:30 PM","Aug 6, 2026 at 4:28 PM","","Front Raise (Dumbbell)",,"",0,"normal",6,12,,,
"after ankle restart","Aug 6, 2026 at 3:30 PM","Aug 6, 2026 at 4:28 PM","","Front Raise (Dumbbell)",,"",1,"normal",6,12,,,
"after ankle restart","Aug 6, 2026 at 3:30 PM","Aug 6, 2026 at 4:28 PM","","Front Raise (Dumbbell)",,"",2,"normal",6,12,,,
"after ankle restart","Aug 6, 2026 at 3:30 PM","Aug 6, 2026 at 4:28 PM","","Front Raise (Dumbbell)",,"",3,"normal",6,12,,,
"after ankle restart","Aug 6, 2026 at 3:30 PM","Aug 6, 2026 at 4:28 PM","","Chest Press (Machine)",,"",0,"normal",39,12,,,
"after ankle restart","Aug 6, 2026 at 3:30 PM","Aug 6, 2026 at 4:28 PM","","Chest Press (Machine)",,"",1,"normal",45,12,,,
"after ankle restart","Aug 6, 2026 at 3:30 PM","Aug 6, 2026 at 4:28 PM","","Chest Press (Machine)",,"",2,"normal",45,12,,,
"after ankle restart","Aug 6, 2026 at 3:30 PM","Aug 6, 2026 at 4:28 PM","","Chest Press (Machine)",,"",3,"normal",52,12,,,
"after ankle restart","Aug 6, 2026 at 3:30 PM","Aug 6, 2026 at 4:28 PM","","Triceps Extension (Dumbbell)",,"",0,"normal",7.5,12,,,
"after ankle restart","Aug 6, 2026 at 3:30 PM","Aug 6, 2026 at 4:28 PM","","Triceps Extension (Dumbbell)",,"",1,"normal",7.5,12,,,
"after ankle restart","Aug 6, 2026 at 3:30 PM","Aug 6, 2026 at 4:28 PM","","Triceps Extension (Dumbbell)",,"",2,"normal",7.5,12,,,
"after ankle restart","Aug 6, 2026 at 3:30 PM","Aug 6, 2026 at 4:28 PM","","Triceps Extension (Dumbbell)",,"",3,"normal",7.5,12,,,
"after ankle restart","Aug 6, 2026 at 3:30 PM","Aug 6, 2026 at 4:28 PM","","Lat Pulldown - Close Grip (Cable)",,"",0,"normal",32,12,,,
"after ankle restart","Aug 6, 2026 at 3:30 PM","Aug 6, 2026 at 4:28 PM","","Lat Pulldown - Close Grip (Cable)",,"",1,"normal",45,12,,,
"after ankle restart","Aug 6, 2026 at 3:30 PM","Aug 6, 2026 at 4:28 PM","","Lat Pulldown - Close Grip (Cable)",,"",2,"normal",52,12,,,
"after ankle restart","Aug 6, 2026 at 3:30 PM","Aug 6, 2026 at 4:28 PM","","Bicep Curl (Cable)",,"",0,"normal",22,12,,,
"after ankle restart","Aug 6, 2026 at 3:30 PM","Aug 6, 2026 at 4:28 PM","","Bicep Curl (Cable)",,"",1,"normal",22,12,,,
"after ankle restart","Aug 6, 2026 at 3:30 PM","Aug 6, 2026 at 4:28 PM","","Bicep Curl (Cable)",,"",2,"normal",22,12,,,
"after ankle restart","Aug 6, 2026 at 3:30 PM","Aug 6, 2026 at 4:28 PM","","Chest Fly (Dumbbell)",,"",0,"normal",10,12,,,
"after ankle restart","Aug 6, 2026 at 3:30 PM","Aug 6, 2026 at 4:28 PM","","Chest Fly (Dumbbell)",,"",1,"normal",10,12,,,
"after ankle restart","Aug 6, 2026 at 3:30 PM","Aug 6, 2026 at 4:28 PM","","Chest Fly (Dumbbell)",,"",2,"normal",10,12,,,
"after ankle restart","Aug 6, 2026 at 3:30 PM","Aug 6, 2026 at 4:28 PM","","Pullover (Dumbbell)",,"",0,"normal",10,12,,,
"after ankle restart","Aug 6, 2026 at 3:30 PM","Aug 6, 2026 at 4:28 PM","","Pullover (Dumbbell)",,"",1,"normal",10,12,,,
"after ankle restart","Aug 6, 2026 at 3:30 PM","Aug 6, 2026 at 4:28 PM","","Pullover (Dumbbell)",,"",2,"normal",10,12,,,
"lower","Jul 23, 2026 at 2:09 PM","Jul 23, 2026 at 2:55 PM","","Squat (Bodyweight)",,"",0,"normal",,12,,,
"lower","Jul 23, 2026 at 2:09 PM","Jul 23, 2026 at 2:55 PM","","Squat (Bodyweight)",,"",1,"normal",,12,,,
"lower","Jul 23, 2026 at 2:09 PM","Jul 23, 2026 at 2:55 PM","","Squat (Bodyweight)",,"",2,"normal",,12,,,
"lower","Jul 23, 2026 at 2:09 PM","Jul 23, 2026 at 2:55 PM","","Squat (Bodyweight)",,"",3,"normal",,12,,,
"lower","Jul 23, 2026 at 2:09 PM","Jul 23, 2026 at 2:55 PM","","Lunge",,"",0,"normal",,12,,,
"lower","Jul 23, 2026 at 2:09 PM","Jul 23, 2026 at 2:55 PM","","Lunge",,"",1,"normal",,12,,,
"lower","Jul 23, 2026 at 2:09 PM","Jul 23, 2026 at 2:55 PM","","Lunge",,"",2,"normal",,12,,,
"lower","Jul 23, 2026 at 2:09 PM","Jul 23, 2026 at 2:55 PM","","Lunge",,"",3,"normal",,12,,,
"lower","Jul 23, 2026 at 2:09 PM","Jul 23, 2026 at 2:55 PM","","Leg Press Horizontal (Machine)",,"",0,"normal",52,12,,,
"lower","Jul 23, 2026 at 2:09 PM","Jul 23, 2026 at 2:55 PM","","Leg Press Horizontal (Machine)",,"",1,"normal",52,12,,,
"lower","Jul 23, 2026 at 2:09 PM","Jul 23, 2026 at 2:55 PM","","Leg Press Horizontal (Machine)",,"",2,"normal",59,12,,,
"lower","Jul 23, 2026 at 2:09 PM","Jul 23, 2026 at 2:55 PM","","Leg Press Horizontal (Machine)",,"",3,"normal",66,12,,,
"lower","Jul 23, 2026 at 2:09 PM","Jul 23, 2026 at 2:55 PM","","Sumo Squat (Kettlebell)",,"",0,"normal",8,12,,,
"lower","Jul 23, 2026 at 2:09 PM","Jul 23, 2026 at 2:55 PM","","Sumo Squat (Kettlebell)",,"",1,"normal",8,12,,,
"lower","Jul 23, 2026 at 2:09 PM","Jul 23, 2026 at 2:55 PM","","Sumo Squat (Kettlebell)",,"",2,"normal",8,12,,,
"lower","Jul 23, 2026 at 2:09 PM","Jul 23, 2026 at 2:55 PM","","Sumo Squat (Kettlebell)",,"",3,"normal",8,12,,,
"lower","Jul 23, 2026 at 2:09 PM","Jul 23, 2026 at 2:55 PM","","Reverse Lunge",,"",0,"normal",,12,,,
"lower","Jul 23, 2026 at 2:09 PM","Jul 23, 2026 at 2:55 PM","","Reverse Lunge",,"",1,"normal",,12,,,
"lower","Jul 23, 2026 at 2:09 PM","Jul 23, 2026 at 2:55 PM","","Reverse Lunge",,"",2,"normal",,12,,,
"upper again","Jul 20, 2026 at 3:57 PM","Jul 20, 2026 at 5:03 PM","","Arnold Press (Dumbbell)",,"",0,"normal",10,12,,,
"upper again","Jul 20, 2026 at 3:57 PM","Jul 20, 2026 at 5:03 PM","","Arnold Press (Dumbbell)",,"",1,"normal",15,12,,,
"upper again","Jul 20, 2026 at 3:57 PM","Jul 20, 2026 at 5:03 PM","","Arnold Press (Dumbbell)",,"",2,"normal",15,12,,,
"upper again","Jul 20, 2026 at 3:57 PM","Jul 20, 2026 at 5:03 PM","","Arnold Press (Dumbbell)",,"",3,"normal",15,12,,,
"upper again","Jul 20, 2026 at 3:57 PM","Jul 20, 2026 at 5:03 PM","","Lat Pulldown - Close Grip (Cable)",,"",0,"normal",39,12,,,
"upper again","Jul 20, 2026 at 3:57 PM","Jul 20, 2026 at 5:03 PM","","Lat Pulldown - Close Grip (Cable)",,"",1,"normal",39,12,,,
"upper again","Jul 20, 2026 at 3:57 PM","Jul 20, 2026 at 5:03 PM","","Lat Pulldown - Close Grip (Cable)",,"",2,"normal",39,12,,,
"upper again","Jul 20, 2026 at 3:57 PM","Jul 20, 2026 at 5:03 PM","","Hammer Curl (Cable)",,"",0,"normal",27,12,,,
"upper again","Jul 20, 2026 at 3:57 PM","Jul 20, 2026 at 5:03 PM","","Hammer Curl (Cable)",,"",1,"normal",27,12,,,
"upper again","Jul 20, 2026 at 3:57 PM","Jul 20, 2026 at 5:03 PM","","Hammer Curl (Cable)",,"",2,"normal",27,12,,,
"upper again","Jul 20, 2026 at 3:57 PM","Jul 20, 2026 at 5:03 PM","","Seated Cable Row - V Grip (Cable)",,"",0,"normal",39,12,,,
"upper again","Jul 20, 2026 at 3:57 PM","Jul 20, 2026 at 5:03 PM","","Seated Cable Row - V Grip (Cable)",,"",1,"normal",39,12,,,
"upper again","Jul 20, 2026 at 3:57 PM","Jul 20, 2026 at 5:03 PM","","Seated Cable Row - V Grip (Cable)",,"",2,"normal",39,12,,,
"upper again","Jul 20, 2026 at 3:57 PM","Jul 20, 2026 at 5:03 PM","","Seated Cable Row - V Grip (Cable)",,"",3,"normal",39,12,,,
"upper again","Jul 20, 2026 at 3:57 PM","Jul 20, 2026 at 5:03 PM","","Bicep Curl (Dumbbell)",,"",0,"normal",15,12,,,
"upper again","Jul 20, 2026 at 3:57 PM","Jul 20, 2026 at 5:03 PM","","Bicep Curl (Dumbbell)",,"",1,"normal",15,12,,,
"upper again","Jul 20, 2026 at 3:57 PM","Jul 20, 2026 at 5:03 PM","","Bicep Curl (Dumbbell)",,"",2,"normal",15,12,,,
"upper again","Jul 20, 2026 at 3:57 PM","Jul 20, 2026 at 5:03 PM","","Seated Shoulder Press (Machine)",,"",0,"normal",22,12,,,
"upper again","Jul 20, 2026 at 3:57 PM","Jul 20, 2026 at 5:03 PM","","Seated Shoulder Press (Machine)",,"",1,"normal",22,12,,,
"upper again","Jul 20, 2026 at 3:57 PM","Jul 20, 2026 at 5:03 PM","","Seated Shoulder Press (Machine)",,"",2,"normal",22,12,,,
"upper again","Jul 20, 2026 at 3:57 PM","Jul 20, 2026 at 5:03 PM","","Lateral Raise (Dumbbell)",,"",0,"normal",6,24,,,
"upper again","Jul 20, 2026 at 3:57 PM","Jul 20, 2026 at 5:03 PM","","Lateral Raise (Dumbbell)",,"",1,"normal",6,24,,,
"upper again","Jul 20, 2026 at 3:57 PM","Jul 20, 2026 at 5:03 PM","","Lateral Raise (Dumbbell)",,"",2,"normal",6,24,,,
"upper again","Jul 20, 2026 at 3:57 PM","Jul 20, 2026 at 5:03 PM","","Chest Fly (Dumbbell)",,"",0,"normal",10,12,,,
"upper again","Jul 20, 2026 at 3:57 PM","Jul 20, 2026 at 5:03 PM","","Chest Fly (Dumbbell)",,"",1,"normal",10,12,,,
"upper again","Jul 20, 2026 at 3:57 PM","Jul 20, 2026 at 5:03 PM","","Chest Fly (Dumbbell)",,"",2,"normal",10,12,,,
"upper again","Jul 20, 2026 at 3:57 PM","Jul 20, 2026 at 5:03 PM","","Pullover (Dumbbell)",,"",0,"normal",10,12,,,
"upper again","Jul 20, 2026 at 3:57 PM","Jul 20, 2026 at 5:03 PM","","Pullover (Dumbbell)",,"",1,"normal",10,12,,,
"upper again","Jul 20, 2026 at 3:57 PM","Jul 20, 2026 at 5:03 PM","","Pullover (Dumbbell)",,"",2,"normal",10,12,,,
"upper","Jul 18, 2026 at 3:33 PM","Jul 18, 2026 at 4:35 PM","","Arnold Press (Dumbbell)",,"",0,"normal",12,12,,,
"upper","Jul 18, 2026 at 3:33 PM","Jul 18, 2026 at 4:35 PM","","Arnold Press (Dumbbell)",,"",1,"normal",12,12,,,
"upper","Jul 18, 2026 at 3:33 PM","Jul 18, 2026 at 4:35 PM","","Arnold Press (Dumbbell)",,"",2,"normal",16,12,,,
"upper","Jul 18, 2026 at 3:33 PM","Jul 18, 2026 at 4:35 PM","","Upright Row (Barbell)",,"",0,"normal",10,12,,,
"upper","Jul 18, 2026 at 3:33 PM","Jul 18, 2026 at 4:35 PM","","Upright Row (Barbell)",,"",1,"normal",12.5,12,,,
"upper","Jul 18, 2026 at 3:33 PM","Jul 18, 2026 at 4:35 PM","","Upright Row (Barbell)",,"",2,"normal",12.5,12,,,
"upper","Jul 18, 2026 at 3:33 PM","Jul 18, 2026 at 4:35 PM","","Overhead Press (Smith Machine)",,"",0,"normal",10,12,,,
"upper","Jul 18, 2026 at 3:33 PM","Jul 18, 2026 at 4:35 PM","","Overhead Press (Smith Machine)",,"",1,"normal",20,12,,,
"upper","Jul 18, 2026 at 3:33 PM","Jul 18, 2026 at 4:35 PM","","Overhead Press (Smith Machine)",,"",2,"normal",30,12,,,
"upper","Jul 18, 2026 at 3:33 PM","Jul 18, 2026 at 4:35 PM","","Incline Bench Press (Smith Machine)",,"",0,"normal",30,12,,,
"upper","Jul 18, 2026 at 3:33 PM","Jul 18, 2026 at 4:35 PM","","Incline Bench Press (Smith Machine)",,"",1,"normal",30,12,,,
"upper","Jul 18, 2026 at 3:33 PM","Jul 18, 2026 at 4:35 PM","","Incline Bench Press (Smith Machine)",,"",2,"normal",30,12,,,
"upper","Jul 18, 2026 at 3:33 PM","Jul 18, 2026 at 4:35 PM","","Triceps Pressdown",,"",0,"normal",27.22,12,,,
"upper","Jul 18, 2026 at 3:33 PM","Jul 18, 2026 at 4:35 PM","","Triceps Pressdown",,"",1,"normal",27.22,12,,,
"upper","Jul 18, 2026 at 3:33 PM","Jul 18, 2026 at 4:35 PM","","Triceps Pressdown",,"",2,"normal",32.22,12,,,
"upper","Jul 18, 2026 at 3:33 PM","Jul 18, 2026 at 4:35 PM","","Lateral Raise (Dumbbell)",,"",0,"normal",10,12,,,
"upper","Jul 18, 2026 at 3:33 PM","Jul 18, 2026 at 4:35 PM","","Lateral Raise (Dumbbell)",,"",1,"normal",10,12,,,
"upper","Jul 18, 2026 at 3:33 PM","Jul 18, 2026 at 4:35 PM","","Lateral Raise (Dumbbell)",,"",2,"normal",10,12,,,
"upper","Jul 18, 2026 at 3:33 PM","Jul 18, 2026 at 4:35 PM","","Lat Pulldown - Close Grip (Cable)",,"",0,"normal",39,12,,,
"upper","Jul 18, 2026 at 3:33 PM","Jul 18, 2026 at 4:35 PM","","Lat Pulldown - Close Grip (Cable)",,"",1,"normal",39,12,,,
"upper","Jul 18, 2026 at 3:33 PM","Jul 18, 2026 at 4:35 PM","","Lat Pulldown - Close Grip (Cable)",,"",2,"normal",39,12,,,
"upper","Jul 18, 2026 at 3:33 PM","Jul 18, 2026 at 4:35 PM","","Bicep Curl (Cable)",,"",0,"normal",27,12,,,
"upper","Jul 18, 2026 at 3:33 PM","Jul 18, 2026 at 4:35 PM","","Bicep Curl (Cable)",,"",1,"normal",22,12,,,
"upper","Jul 18, 2026 at 3:33 PM","Jul 18, 2026 at 4:35 PM","","Bicep Curl (Cable)",,"",2,"normal",27,12,,,
"stabilizing","Jul 15, 2026 at 5:07 PM","Jul 15, 2026 at 6:01 PM","","Squat (Bodyweight)",,"",0,"normal",,12,,,
"stabilizing","Jul 15, 2026 at 5:07 PM","Jul 15, 2026 at 6:01 PM","","Squat (Bodyweight)",,"",1,"normal",,12,,,
"stabilizing","Jul 15, 2026 at 5:07 PM","Jul 15, 2026 at 6:01 PM","","Squat (Bodyweight)",,"",2,"normal",,12,,,
"stabilizing","Jul 15, 2026 at 5:07 PM","Jul 15, 2026 at 6:01 PM","","Squat (Bodyweight)",,"",3,"normal",,12,,,
"stabilizing","Jul 15, 2026 at 5:07 PM","Jul 15, 2026 at 6:01 PM","","Reverse Lunge",,"",0,"normal",,12,,,
"stabilizing","Jul 15, 2026 at 5:07 PM","Jul 15, 2026 at 6:01 PM","","Reverse Lunge",,"",1,"normal",,12,,,
"stabilizing","Jul 15, 2026 at 5:07 PM","Jul 15, 2026 at 6:01 PM","","Reverse Lunge",,"",2,"normal",,12,,,
"stabilizing","Jul 15, 2026 at 5:07 PM","Jul 15, 2026 at 6:01 PM","","Reverse Lunge",,"",3,"normal",,12,,,
"stabilizing","Jul 15, 2026 at 5:07 PM","Jul 15, 2026 at 6:01 PM","","Lunge",,"",0,"normal",,12,,,
"stabilizing","Jul 15, 2026 at 5:07 PM","Jul 15, 2026 at 6:01 PM","","Lunge",,"",1,"normal",,12,,,
"stabilizing","Jul 15, 2026 at 5:07 PM","Jul 15, 2026 at 6:01 PM","","Lunge",,"",2,"normal",,12,,,
"stabilizing","Jul 15, 2026 at 5:07 PM","Jul 15, 2026 at 6:01 PM","","Lunge",,"",3,"normal",,12,,,
"stabilizing","Jul 15, 2026 at 5:07 PM","Jul 15, 2026 at 6:01 PM","","Lying Leg Curl (Machine)",,"",0,"normal",22,12,,,
"stabilizing","Jul 15, 2026 at 5:07 PM","Jul 15, 2026 at 6:01 PM","","Lying Leg Curl (Machine)",,"",1,"normal",22,12,,,
"stabilizing","Jul 15, 2026 at 5:07 PM","Jul 15, 2026 at 6:01 PM","","Lying Leg Curl (Machine)",,"",2,"normal",22,12,,,
"stabilizing","Jul 15, 2026 at 5:07 PM","Jul 15, 2026 at 6:01 PM","","Lying Leg Curl (Machine)",,"",3,"normal",22,12,,,
"stabilizing","Jul 15, 2026 at 5:07 PM","Jul 15, 2026 at 6:01 PM","","Sumo Squat (Kettlebell)",,"",0,"normal",5,12,,,
"stabilizing","Jul 15, 2026 at 5:07 PM","Jul 15, 2026 at 6:01 PM","","Sumo Squat (Kettlebell)",,"",1,"normal",5,12,,,
"stabilizing","Jul 15, 2026 at 5:07 PM","Jul 15, 2026 at 6:01 PM","","Sumo Squat (Kettlebell)",,"",2,"normal",5,12,,,
"stabilizing","Jul 15, 2026 at 5:07 PM","Jul 15, 2026 at 6:01 PM","","Sumo Squat (Kettlebell)",,"",3,"normal",5,12,,,
"upper","Jul 14, 2026 at 5:21 PM","Jul 14, 2026 at 6:21 PM","","Seated Cable Row - V Grip (Cable)",,"",0,"normal",18.14,12,,,
"upper","Jul 14, 2026 at 5:21 PM","Jul 14, 2026 at 6:21 PM","","Seated Cable Row - V Grip (Cable)",,"",1,"normal",31.75,12,,,
"upper","Jul 14, 2026 at 5:21 PM","Jul 14, 2026 at 6:21 PM","","Seated Cable Row - V Grip (Cable)",,"",2,"normal",31.75,12,,,
"upper","Jul 14, 2026 at 5:21 PM","Jul 14, 2026 at 6:21 PM","","Seated Cable Row - V Grip (Cable)",,"",3,"normal",38.56,12,,,
"upper","Jul 14, 2026 at 5:21 PM","Jul 14, 2026 at 6:21 PM","","Bicep Curl (Dumbbell)",,"",0,"normal",4.54,12,,,
"upper","Jul 14, 2026 at 5:21 PM","Jul 14, 2026 at 6:21 PM","","Bicep Curl (Dumbbell)",,"",1,"normal",4.54,12,,,
"upper","Jul 14, 2026 at 5:21 PM","Jul 14, 2026 at 6:21 PM","","Bicep Curl (Dumbbell)",,"",2,"normal",4.54,12,,,
"upper","Jul 14, 2026 at 5:21 PM","Jul 14, 2026 at 6:21 PM","","Bicep Curl (Dumbbell)",,"",3,"normal",4.54,12,,,
"upper","Jul 14, 2026 at 5:21 PM","Jul 14, 2026 at 6:21 PM","","Lat Pulldown - Close Grip (Cable)",,"",0,"normal",31.75,12,,,
"upper","Jul 14, 2026 at 5:21 PM","Jul 14, 2026 at 6:21 PM","","Lat Pulldown - Close Grip (Cable)",,"",1,"normal",31.75,12,,,
"upper","Jul 14, 2026 at 5:21 PM","Jul 14, 2026 at 6:21 PM","","Lat Pulldown - Close Grip (Cable)",,"",2,"normal",31.75,12,,,
"upper","Jul 14, 2026 at 5:21 PM","Jul 14, 2026 at 6:21 PM","","Hammer Curl (Cable)",,"",0,"normal",22.68,12,,,
"upper","Jul 14, 2026 at 5:21 PM","Jul 14, 2026 at 6:21 PM","","Hammer Curl (Cable)",,"",1,"normal",22.68,12,,,
"upper","Jul 14, 2026 at 5:21 PM","Jul 14, 2026 at 6:21 PM","","Hammer Curl (Cable)",,"",2,"normal",22.68,12,,,
"upper","Jul 14, 2026 at 5:21 PM","Jul 14, 2026 at 6:21 PM","","Seated Shoulder Press (Machine)",,"",0,"normal",18.14,12,,,
"upper","Jul 14, 2026 at 5:21 PM","Jul 14, 2026 at 6:21 PM","","Seated Shoulder Press (Machine)",,"",1,"normal",18.14,12,,,
"upper","Jul 14, 2026 at 5:21 PM","Jul 14, 2026 at 6:21 PM","","Seated Shoulder Press (Machine)",,"",2,"normal",18.14,12,,,
"upper","Jul 14, 2026 at 5:21 PM","Jul 14, 2026 at 6:21 PM","","Lateral Raise (Dumbbell)",,"",0,"normal",4.54,12,,,
"upper","Jul 14, 2026 at 5:21 PM","Jul 14, 2026 at 6:21 PM","","Lateral Raise (Dumbbell)",,"",1,"normal",4.54,12,,,
"upper","Jul 14, 2026 at 5:21 PM","Jul 14, 2026 at 6:21 PM","","Lateral Raise (Dumbbell)",,"",2,"normal",4.54,12,,,
"upper","Jul 14, 2026 at 5:21 PM","Jul 14, 2026 at 6:21 PM","","Chest Press (Machine)",,"",0,"normal",24.95,12,,,
"upper","Jul 14, 2026 at 5:21 PM","Jul 14, 2026 at 6:21 PM","","Chest Press (Machine)",,"",1,"normal",31.75,12,,,
"upper","Jul 14, 2026 at 5:21 PM","Jul 14, 2026 at 6:21 PM","","Chest Press (Machine)",,"",2,"normal",38.56,12,,,
"upper","Jul 14, 2026 at 5:21 PM","Jul 14, 2026 at 6:21 PM","","Chest Fly (Machine)",,"",0,"normal",31.75,12,,,
"upper","Jul 14, 2026 at 5:21 PM","Jul 14, 2026 at 6:21 PM","","Chest Fly (Machine)",,"",1,"normal",31.75,12,,,
"upper","Jul 14, 2026 at 5:21 PM","Jul 14, 2026 at 6:21 PM","","Chest Fly (Machine)",,"",2,"normal",38.56,12,,,
"upper","Jul 14, 2026 at 5:21 PM","Jul 14, 2026 at 6:21 PM","","Triceps Pressdown",,"",0,"normal",27.22,12,,,
"upper","Jul 14, 2026 at 5:21 PM","Jul 14, 2026 at 6:21 PM","","Triceps Pressdown",,"",1,"normal",27.22,12,,,
"upper","Jul 14, 2026 at 5:21 PM","Jul 14, 2026 at 6:21 PM","","Triceps Pressdown",,"",2,"normal",27.22,12,,,
"upper","Jul 14, 2026 at 5:21 PM","Jul 14, 2026 at 6:21 PM","","Front Raise (Dumbbell)",,"",0,"normal",4.54,12,,,
"upper","Jul 14, 2026 at 5:21 PM","Jul 14, 2026 at 6:21 PM","","Front Raise (Dumbbell)",,"",1,"normal",4.54,12,,,
"upper","Jul 14, 2026 at 5:21 PM","Jul 14, 2026 at 6:21 PM","","Front Raise (Dumbbell)",,"",2,"normal",4.54,12,,,
"restart push","Jul 10, 2026 at 5:15 PM","Jul 10, 2026 at 6:19 PM","","Chest Press (Machine)",,"",0,"normal",31.75,12,,,
"restart push","Jul 10, 2026 at 5:15 PM","Jul 10, 2026 at 6:19 PM","","Chest Press (Machine)",,"",1,"normal",31.75,12,,,
"restart push","Jul 10, 2026 at 5:15 PM","Jul 10, 2026 at 6:19 PM","","Chest Press (Machine)",,"",2,"normal",31.75,12,,,
"restart push","Jul 10, 2026 at 5:15 PM","Jul 10, 2026 at 6:19 PM","","Chest Press (Machine)",,"",3,"normal",38.56,12,,,
"restart push","Jul 10, 2026 at 5:15 PM","Jul 10, 2026 at 6:19 PM","","Cable Fly Crossovers",,"",0,"normal",4.54,12,,,
"restart push","Jul 10, 2026 at 5:15 PM","Jul 10, 2026 at 6:19 PM","","Cable Fly Crossovers",,"",1,"normal",4.54,12,,,
"restart push","Jul 10, 2026 at 5:15 PM","Jul 10, 2026 at 6:19 PM","","Cable Fly Crossovers",,"",2,"normal",4.54,12,,,
"restart push","Jul 10, 2026 at 5:15 PM","Jul 10, 2026 at 6:19 PM","","Cable Fly Crossovers",,"",3,"normal",4.54,12,,,
"restart push","Jul 10, 2026 at 5:15 PM","Jul 10, 2026 at 6:19 PM","","Seated Shoulder Press (Machine)",,"",0,"normal",22.68,12,,,
"restart push","Jul 10, 2026 at 5:15 PM","Jul 10, 2026 at 6:19 PM","","Seated Shoulder Press (Machine)",,"",1,"normal",22.68,12,,,
"restart push","Jul 10, 2026 at 5:15 PM","Jul 10, 2026 at 6:19 PM","","Seated Shoulder Press (Machine)",,"",2,"normal",18.14,10,,,
"restart push","Jul 10, 2026 at 5:15 PM","Jul 10, 2026 at 6:19 PM","","Seated Shoulder Press (Machine)",,"",3,"normal",18.14,10,,,
"restart push","Jul 10, 2026 at 5:15 PM","Jul 10, 2026 at 6:19 PM","","Plate Press",,"",0,"normal",8.16,12,,,
"restart push","Jul 10, 2026 at 5:15 PM","Jul 10, 2026 at 6:19 PM","","Plate Press",,"",1,"normal",8.16,12,,,
"restart push","Jul 10, 2026 at 5:15 PM","Jul 10, 2026 at 6:19 PM","","Plate Press",,"",2,"normal",8.16,12,,,
"restart push","Jul 10, 2026 at 5:15 PM","Jul 10, 2026 at 6:19 PM","","Plate Press",,"",3,"normal",8.16,12,,,
"restart push","Jul 10, 2026 at 5:15 PM","Jul 10, 2026 at 6:19 PM","","Plate Front Raise",,"",0,"normal",4.54,12,,,
"restart push","Jul 10, 2026 at 5:15 PM","Jul 10, 2026 at 6:19 PM","","Plate Front Raise",,"",1,"normal",4.54,12,,,
"restart push","Jul 10, 2026 at 5:15 PM","Jul 10, 2026 at 6:19 PM","","Plate Front Raise",,"",2,"normal",4.54,12,,,
"restart push","Jul 10, 2026 at 5:15 PM","Jul 10, 2026 at 6:19 PM","","Plate Front Raise",,"",3,"normal",4.54,12,,,
"restart push","Jul 10, 2026 at 5:15 PM","Jul 10, 2026 at 6:19 PM","","Arnold Press (Dumbbell)",,"",0,"normal",6.35,10,,,
"restart push","Jul 10, 2026 at 5:15 PM","Jul 10, 2026 at 6:19 PM","","Arnold Press (Dumbbell)",,"",1,"normal",6.35,10,,,
"restart push","Jul 10, 2026 at 5:15 PM","Jul 10, 2026 at 6:19 PM","","Arnold Press (Dumbbell)",,"",2,"normal",6.35,12,,,
"restart push","Jul 10, 2026 at 5:15 PM","Jul 10, 2026 at 6:19 PM","","Arnold Press (Dumbbell)",,"",3,"normal",6.35,12,,,
"restart push","Jul 10, 2026 at 5:15 PM","Jul 10, 2026 at 6:19 PM","","Triceps Pressdown",,"",0,"normal",22.68,12,,,
"restart push","Jul 10, 2026 at 5:15 PM","Jul 10, 2026 at 6:19 PM","","Triceps Pressdown",,"",1,"normal",22.68,12,,,
"restart push","Jul 10, 2026 at 5:15 PM","Jul 10, 2026 at 6:19 PM","","Triceps Pressdown",,"",2,"normal",22.68,12,,,
"restart push","Jul 10, 2026 at 5:15 PM","Jul 10, 2026 at 6:19 PM","","Triceps Pressdown",,"",3,"normal",22.68,12,,,
"restart push","Jul 10, 2026 at 5:15 PM","Jul 10, 2026 at 6:19 PM","","Bicep Curl (Dumbbell)",,"",0,"normal",9.07,12,,,
"restart push","Jul 10, 2026 at 5:15 PM","Jul 10, 2026 at 6:19 PM","","Bicep Curl (Dumbbell)",,"",1,"normal",5.44,12,,,
"restart push","Jul 10, 2026 at 5:15 PM","Jul 10, 2026 at 6:19 PM","","Bicep Curl (Dumbbell)",,"",2,"normal",5.44,12,,,
"restart push","Jul 10, 2026 at 5:15 PM","Jul 10, 2026 at 6:19 PM","","Bicep Curl (Dumbbell)",,"",3,"normal",5.44,12,,,
"asdhadhhahdhs","Jul 8, 2026 at 10:35 AM","Jul 8, 2026 at 11:37 AM","","Leg Extension (Machine)",,"",0,"normal",11.34,12,,,
"asdhadhhahdhs","Jul 8, 2026 at 10:35 AM","Jul 8, 2026 at 11:37 AM","","Leg Extension (Machine)",,"",1,"normal",24.95,12,,,
"asdhadhhahdhs","Jul 8, 2026 at 10:35 AM","Jul 8, 2026 at 11:37 AM","","Leg Extension (Machine)",,"",2,"normal",38.56,12,,,
"asdhadhhahdhs","Jul 8, 2026 at 10:35 AM","Jul 8, 2026 at 11:37 AM","","Leg Extension (Machine)",,"",3,"normal",38.56,12,,,
"asdhadhhahdhs","Jul 8, 2026 at 10:35 AM","Jul 8, 2026 at 11:37 AM","","Leg Extension (Machine)",,"",4,"normal",45.36,12,,,
"asdhadhhahdhs","Jul 8, 2026 at 10:35 AM","Jul 8, 2026 at 11:37 AM","","Lying Leg Curl (Machine)",,"",0,"normal",9.07,12,,,
"asdhadhhahdhs","Jul 8, 2026 at 10:35 AM","Jul 8, 2026 at 11:37 AM","","Lying Leg Curl (Machine)",,"",1,"normal",22.68,12,,,
"asdhadhhahdhs","Jul 8, 2026 at 10:35 AM","Jul 8, 2026 at 11:37 AM","","Lying Leg Curl (Machine)",,"",2,"normal",22.68,12,,,
"asdhadhhahdhs","Jul 8, 2026 at 10:35 AM","Jul 8, 2026 at 11:37 AM","","Lying Leg Curl (Machine)",,"",3,"normal",27.22,12,,,
"asdhadhhahdhs","Jul 8, 2026 at 10:35 AM","Jul 8, 2026 at 11:37 AM","","Squat (Bodyweight)",,"",0,"normal",,12,,,
"asdhadhhahdhs","Jul 8, 2026 at 10:35 AM","Jul 8, 2026 at 11:37 AM","","Squat (Bodyweight)",,"",1,"normal",,12,,,
"asdhadhhahdhs","Jul 8, 2026 at 10:35 AM","Jul 8, 2026 at 11:37 AM","","Squat (Bodyweight)",,"",2,"normal",,12,,,
"asdhadhhahdhs","Jul 8, 2026 at 10:35 AM","Jul 8, 2026 at 11:37 AM","","Squat (Bodyweight)",,"",3,"normal",,12,,,
"asdhadhhahdhs","Jul 8, 2026 at 10:35 AM","Jul 8, 2026 at 11:37 AM","","Lunge",,"",0,"normal",,12,,,
"asdhadhhahdhs","Jul 8, 2026 at 10:35 AM","Jul 8, 2026 at 11:37 AM","","Lunge",,"",1,"normal",,12,,,
"asdhadhhahdhs","Jul 8, 2026 at 10:35 AM","Jul 8, 2026 at 11:37 AM","","Lunge",,"",2,"normal",,12,,,
"asdhadhhahdhs","Jul 8, 2026 at 10:35 AM","Jul 8, 2026 at 11:37 AM","","Shoulder Press (Dumbbell)",,"",0,"normal",13.61,12,,,
"asdhadhhahdhs","Jul 8, 2026 at 10:35 AM","Jul 8, 2026 at 11:37 AM","","Shoulder Press (Dumbbell)",,"",1,"normal",13.61,12,,,
"asdhadhhahdhs","Jul 8, 2026 at 10:35 AM","Jul 8, 2026 at 11:37 AM","","Shoulder Press (Dumbbell)",,"",2,"normal",18.14,12,,,
"asdhadhhahdhs","Jul 8, 2026 at 10:35 AM","Jul 8, 2026 at 11:37 AM","","Shoulder Press (Dumbbell)",,"",3,"normal",18.14,12,,,
"asdhadhhahdhs","Jul 8, 2026 at 10:35 AM","Jul 8, 2026 at 11:37 AM","","Bicep Curl (Cable)",,"",0,"normal",13.61,12,,,
"asdhadhhahdhs","Jul 8, 2026 at 10:35 AM","Jul 8, 2026 at 11:37 AM","","Bicep Curl (Cable)",,"",1,"normal",13.61,12,,,
"asdhadhhahdhs","Jul 8, 2026 at 10:35 AM","Jul 8, 2026 at 11:37 AM","","Bicep Curl (Cable)",,"",2,"normal",13.61,12,,,
"REEEESTART","Jul 7, 2026 at 1:38 PM","Jul 7, 2026 at 2:34 PM","","Chest Press (Machine)",,"",0,"normal",31.75,15,,,
"REEEESTART","Jul 7, 2026 at 1:38 PM","Jul 7, 2026 at 2:34 PM","","Chest Press (Machine)",,"",1,"normal",31.75,15,,,
"REEEESTART","Jul 7, 2026 at 1:38 PM","Jul 7, 2026 at 2:34 PM","","Chest Press (Machine)",,"",2,"normal",31.75,15,,,
"REEEESTART","Jul 7, 2026 at 1:38 PM","Jul 7, 2026 at 2:34 PM","","Chest Press (Machine)",,"",3,"normal",38.56,6,,,
"REEEESTART","Jul 7, 2026 at 1:38 PM","Jul 7, 2026 at 2:34 PM","","Bicep Curl (Machine)",,"",0,"normal",18.14,15,,,
"REEEESTART","Jul 7, 2026 at 1:38 PM","Jul 7, 2026 at 2:34 PM","","Bicep Curl (Machine)",,"",1,"normal",18.14,15,,,
"REEEESTART","Jul 7, 2026 at 1:38 PM","Jul 7, 2026 at 2:34 PM","","Bicep Curl (Machine)",,"",2,"normal",18.14,15,,,
"REEEESTART","Jul 7, 2026 at 1:38 PM","Jul 7, 2026 at 2:34 PM","","Bicep Curl (Machine)",,"",3,"normal",22.68,6,,,
"REEEESTART","Jul 7, 2026 at 1:38 PM","Jul 7, 2026 at 2:34 PM","","Chest Fly (Machine)",,"",0,"normal",31.75,15,,,
"REEEESTART","Jul 7, 2026 at 1:38 PM","Jul 7, 2026 at 2:34 PM","","Chest Fly (Machine)",,"",1,"normal",31.75,15,,,
"REEEESTART","Jul 7, 2026 at 1:38 PM","Jul 7, 2026 at 2:34 PM","","Chest Fly (Machine)",,"",2,"normal",38.56,15,,,
"REEEESTART","Jul 7, 2026 at 1:38 PM","Jul 7, 2026 at 2:34 PM","","Chest Fly (Machine)",,"",3,"normal",45.36,10,,,
"REEEESTART","Jul 7, 2026 at 1:38 PM","Jul 7, 2026 at 2:34 PM","","Hammer Curl (Dumbbell)",,"",0,"normal",10,15,,,
"REEEESTART","Jul 7, 2026 at 1:38 PM","Jul 7, 2026 at 2:34 PM","","Hammer Curl (Dumbbell)",,"",1,"normal",10,15,,,
"REEEESTART","Jul 7, 2026 at 1:38 PM","Jul 7, 2026 at 2:34 PM","","Hammer Curl (Dumbbell)",,"",2,"normal",14,15,,,
"REEEESTART","Jul 7, 2026 at 1:38 PM","Jul 7, 2026 at 2:34 PM","","Treadmill",,"",0,"normal",,,1.29,1200,
"back + bicep slow days","Feb 16, 2026 at 12:25 AM","Feb 16, 2026 at 1:11 AM","","Lat Pulldown (Cable)",,"",0,"normal",15.88,15,,,
"back + bicep slow days","Feb 16, 2026 at 12:25 AM","Feb 16, 2026 at 1:11 AM","","Lat Pulldown (Cable)",,"",1,"normal",19.28,15,,,
"back + bicep slow days","Feb 16, 2026 at 12:25 AM","Feb 16, 2026 at 1:11 AM","","Lat Pulldown (Cable)",,"",2,"normal",19.28,15,,,
"back + bicep slow days","Feb 16, 2026 at 12:25 AM","Feb 16, 2026 at 1:11 AM","","Lat Pulldown (Cable)",,"",3,"normal",22.68,10,,,
"back + bicep slow days","Feb 16, 2026 at 12:25 AM","Feb 16, 2026 at 1:11 AM","","Bicep Curl (Dumbbell)",,"",0,"normal",22.68,15,,,
"back + bicep slow days","Feb 16, 2026 at 12:25 AM","Feb 16, 2026 at 1:11 AM","","Bicep Curl (Dumbbell)",,"",1,"normal",22.68,15,,,
"back + bicep slow days","Feb 16, 2026 at 12:25 AM","Feb 16, 2026 at 1:11 AM","","Bicep Curl (Dumbbell)",,"",2,"normal",22.68,15,,,
"back + bicep slow days","Feb 16, 2026 at 12:25 AM","Feb 16, 2026 at 1:11 AM","","Bicep Curl (Dumbbell)",,"",3,"normal",22.68,15,,,
"back + bicep slow days","Feb 16, 2026 at 12:25 AM","Feb 16, 2026 at 1:11 AM","","Back Extension (Weighted Hyperextension)",,"",0,"normal",11.34,15,,,
"back + bicep slow days","Feb 16, 2026 at 12:25 AM","Feb 16, 2026 at 1:11 AM","","Back Extension (Weighted Hyperextension)",,"",1,"normal",11.34,15,,,
"back + bicep slow days","Feb 16, 2026 at 12:25 AM","Feb 16, 2026 at 1:11 AM","","Back Extension (Weighted Hyperextension)",,"",2,"normal",11.34,15,,,
"back + bicep slow days","Feb 16, 2026 at 12:25 AM","Feb 16, 2026 at 1:11 AM","","Lat Pulldown (Machine)",,"",0,"normal",31.75,15,,,
"back + bicep slow days","Feb 16, 2026 at 12:25 AM","Feb 16, 2026 at 1:11 AM","","Lat Pulldown (Machine)",,"",1,"normal",45.36,15,,,
"shoulder + tricep","Feb 15, 2026 at 2:48 AM","Feb 15, 2026 at 3:57 AM","","Seated Shoulder Press (Machine)",,"",0,"normal",27.22,15,,,
"shoulder + tricep","Feb 15, 2026 at 2:48 AM","Feb 15, 2026 at 3:57 AM","","Seated Shoulder Press (Machine)",,"",1,"normal",36.29,15,,,
"shoulder + tricep","Feb 15, 2026 at 2:48 AM","Feb 15, 2026 at 3:57 AM","","Seated Shoulder Press (Machine)",,"",2,"normal",45.36,15,,,
"shoulder + tricep","Feb 15, 2026 at 2:48 AM","Feb 15, 2026 at 3:57 AM","","Seated Shoulder Press (Machine)",,"",3,"normal",58.97,5,,,
"shoulder + tricep","Feb 15, 2026 at 2:48 AM","Feb 15, 2026 at 3:57 AM","","Triceps Pressdown",,"",0,"normal",31.75,15,,,
"shoulder + tricep","Feb 15, 2026 at 2:48 AM","Feb 15, 2026 at 3:57 AM","","Triceps Pressdown",,"",1,"normal",38.56,12,,,
"shoulder + tricep","Feb 15, 2026 at 2:48 AM","Feb 15, 2026 at 3:57 AM","","Triceps Pressdown",,"",2,"normal",38.56,12,,,
"shoulder + tricep","Feb 15, 2026 at 2:48 AM","Feb 15, 2026 at 3:57 AM","","Triceps Pressdown",,"",3,"normal",45.36,10,,,
"shoulder + tricep","Feb 15, 2026 at 2:48 AM","Feb 15, 2026 at 3:57 AM","","Overhead Press (Smith Machine)",,"",0,"normal",43.09,15,,,
"shoulder + tricep","Feb 15, 2026 at 2:48 AM","Feb 15, 2026 at 3:57 AM","","Overhead Press (Smith Machine)",,"",1,"normal",52.16,10,,,
"shoulder + tricep","Feb 15, 2026 at 2:48 AM","Feb 15, 2026 at 3:57 AM","","Overhead Press (Smith Machine)",,"",2,"normal",52.16,10,,,
"shoulder + tricep","Feb 15, 2026 at 2:48 AM","Feb 15, 2026 at 3:57 AM","","Overhead Press (Smith Machine)",,"",3,"normal",56.7,10,,,
"shoulder + tricep","Feb 15, 2026 at 2:48 AM","Feb 15, 2026 at 3:57 AM","","Shrug (Barbell)",,"",0,"normal",29.48,15,,,
"shoulder + tricep","Feb 15, 2026 at 2:48 AM","Feb 15, 2026 at 3:57 AM","","Shrug (Barbell)",,"",1,"normal",29.48,15,,,
"shoulder + tricep","Feb 15, 2026 at 2:48 AM","Feb 15, 2026 at 3:57 AM","","Shrug (Barbell)",,"",2,"normal",34.02,15,,,
"shoulder + tricep","Feb 15, 2026 at 2:48 AM","Feb 15, 2026 at 3:57 AM","","Shrug (Barbell)",,"",3,"normal",34.02,15,,,
"shoulder + tricep","Feb 15, 2026 at 2:48 AM","Feb 15, 2026 at 3:57 AM","","Lateral Raise (Dumbbell)",,"",0,"normal",13.61,15,,,
"shoulder + tricep","Feb 15, 2026 at 2:48 AM","Feb 15, 2026 at 3:57 AM","","Lateral Raise (Dumbbell)",,"",1,"normal",18.14,10,,,
"shoulder + tricep","Feb 15, 2026 at 2:48 AM","Feb 15, 2026 at 3:57 AM","","Lateral Raise (Dumbbell)",,"",2,"normal",15.88,15,,,
"shoulder + tricep","Feb 15, 2026 at 2:48 AM","Feb 15, 2026 at 3:57 AM","","Treadmill",,"",0,"normal",,,1.93,1800,
"legs+abs","Feb 13, 2026 at 2:04 AM","Feb 13, 2026 at 2:55 AM","","Leg Press Horizontal (Machine)",,"",0,"normal",58.97,15,,,
"legs+abs","Feb 13, 2026 at 2:04 AM","Feb 13, 2026 at 2:55 AM","","Leg Press Horizontal (Machine)",,"",1,"normal",68.04,15,,,
"legs+abs","Feb 13, 2026 at 2:04 AM","Feb 13, 2026 at 2:55 AM","","Leg Press Horizontal (Machine)",,"",2,"normal",77.11,15,,,
"legs+abs","Feb 13, 2026 at 2:04 AM","Feb 13, 2026 at 2:55 AM","","Leg Press Horizontal (Machine)",,"",3,"normal",86.18,10,,,
"legs+abs","Feb 13, 2026 at 2:04 AM","Feb 13, 2026 at 2:55 AM","","Sit Up (Weighted)",,"",0,"normal",54.43,10,,,
"legs+abs","Feb 13, 2026 at 2:04 AM","Feb 13, 2026 at 2:55 AM","","Sit Up (Weighted)",,"",1,"normal",54.43,10,,,
"legs+abs","Feb 13, 2026 at 2:04 AM","Feb 13, 2026 at 2:55 AM","","Sit Up (Weighted)",,"",2,"normal",58.97,8,,,
"legs+abs","Feb 13, 2026 at 2:04 AM","Feb 13, 2026 at 2:55 AM","","Sit Up (Weighted)",,"",3,"normal",58.97,6,,,
"legs+abs","Feb 13, 2026 at 2:04 AM","Feb 13, 2026 at 2:55 AM","","Leg Press (Machine)",,"",0,"normal",102.97,15,,,
"legs+abs","Feb 13, 2026 at 2:04 AM","Feb 13, 2026 at 2:55 AM","","Leg Press (Machine)",,"",1,"normal",102.97,15,,,
"legs+abs","Feb 13, 2026 at 2:04 AM","Feb 13, 2026 at 2:55 AM","","Leg Press (Machine)",,"",2,"normal",125.65,12,,,
"legs+abs","Feb 13, 2026 at 2:04 AM","Feb 13, 2026 at 2:55 AM","","Leg Press (Machine)",,"",3,"normal",125.65,12,,,
"legs+abs","Feb 13, 2026 at 2:04 AM","Feb 13, 2026 at 2:55 AM","","Leg Extension (Machine)",,"",0,"normal",22.68,12,,,
"legs+abs","Feb 13, 2026 at 2:04 AM","Feb 13, 2026 at 2:55 AM","","Leg Extension (Machine)",,"",1,"normal",22.68,12,,,
"legs+abs","Feb 13, 2026 at 2:04 AM","Feb 13, 2026 at 2:55 AM","","Leg Extension (Machine)",,"",2,"normal",22.68,12,,,
"legs+abs","Feb 13, 2026 at 2:04 AM","Feb 13, 2026 at 2:55 AM","","Elliptical Trainer",,"",0,"normal",,,2.38,1081,
"chest + biceps","Feb 11, 2026 at 10:44 PM","Feb 11, 2026 at 11:49 PM","","Chest Press (Machine)",,"",0,"normal",36.29,15,,,
"chest + biceps","Feb 11, 2026 at 10:44 PM","Feb 11, 2026 at 11:49 PM","","Chest Press (Machine)",,"",1,"normal",45.36,15,,,
"chest + biceps","Feb 11, 2026 at 10:44 PM","Feb 11, 2026 at 11:49 PM","","Chest Press (Machine)",,"",2,"normal",54.43,15,,,
"chest + biceps","Feb 11, 2026 at 10:44 PM","Feb 11, 2026 at 11:49 PM","","Chest Press (Machine)",,"",3,"normal",63.5,8,,,
"chest + biceps","Feb 11, 2026 at 10:44 PM","Feb 11, 2026 at 11:49 PM","","Bicep Curl (Barbell)",,"",0,"normal",13.61,15,,,
"chest + biceps","Feb 11, 2026 at 10:44 PM","Feb 11, 2026 at 11:49 PM","","Bicep Curl (Barbell)",,"",1,"normal",18.14,15,,,
"chest + biceps","Feb 11, 2026 at 10:44 PM","Feb 11, 2026 at 11:49 PM","","Bicep Curl (Barbell)",,"",2,"normal",18.14,15,,,
"chest + biceps","Feb 11, 2026 at 10:44 PM","Feb 11, 2026 at 11:49 PM","","Bicep Curl (Barbell)",,"",3,"normal",22.68,15,,,
"chest + biceps","Feb 11, 2026 at 10:44 PM","Feb 11, 2026 at 11:49 PM","","Chest Fly (Machine)",,"",0,"normal",31.75,15,,,
"chest + biceps","Feb 11, 2026 at 10:44 PM","Feb 11, 2026 at 11:49 PM","","Chest Fly (Machine)",,"",1,"normal",36.29,15,,,
"chest + biceps","Feb 11, 2026 at 10:44 PM","Feb 11, 2026 at 11:49 PM","","Chest Fly (Machine)",,"",2,"normal",45.36,15,,,
"chest + biceps","Feb 11, 2026 at 10:44 PM","Feb 11, 2026 at 11:49 PM","","Chest Fly (Machine)",,"",3,"normal",54.43,8,,,
"chest + biceps","Feb 11, 2026 at 10:44 PM","Feb 11, 2026 at 11:49 PM","","Bicep Curl (Dumbbell)",,"",0,"normal",22.68,15,,,
"chest + biceps","Feb 11, 2026 at 10:44 PM","Feb 11, 2026 at 11:49 PM","","Bicep Curl (Dumbbell)",,"",1,"normal",22.68,15,,,
"chest + biceps","Feb 11, 2026 at 10:44 PM","Feb 11, 2026 at 11:49 PM","","Bicep Curl (Dumbbell)",,"",2,"normal",22.68,15,,,
"chest + biceps","Feb 11, 2026 at 10:44 PM","Feb 11, 2026 at 11:49 PM","","Hammer Curl (Dumbbell)",,"",0,"normal",22.68,15,,,
"chest + biceps","Feb 11, 2026 at 10:44 PM","Feb 11, 2026 at 11:49 PM","","Hammer Curl (Dumbbell)",,"",1,"normal",22.68,15,,,
"chest + biceps","Feb 11, 2026 at 10:44 PM","Feb 11, 2026 at 11:49 PM","","Hammer Curl (Dumbbell)",,"",2,"normal",22.68,15,,,
"chest + biceps","Feb 11, 2026 at 10:44 PM","Feb 11, 2026 at 11:49 PM","","Elliptical Trainer",,"",0,"normal",,,2.7,1141,
"shoulder + bicep","Feb 11, 2026 at 3:58 AM","Feb 11, 2026 at 4:51 AM","","Overhead Press (Smith Machine)",,"",0,"normal",43.09,15,,,
"shoulder + bicep","Feb 11, 2026 at 3:58 AM","Feb 11, 2026 at 4:51 AM","","Overhead Press (Smith Machine)",,"",1,"normal",52.16,12,,,
"shoulder + bicep","Feb 11, 2026 at 3:58 AM","Feb 11, 2026 at 4:51 AM","","Overhead Press (Smith Machine)",,"",2,"normal",52.16,10,,,
"shoulder + bicep","Feb 11, 2026 at 3:58 AM","Feb 11, 2026 at 4:51 AM","","Overhead Press (Smith Machine)",,"",3,"normal",56.7,6,,,
"shoulder + bicep","Feb 11, 2026 at 3:58 AM","Feb 11, 2026 at 4:51 AM","","Bicep Curl (Barbell)",,"",0,"normal",18.14,15,,,
"shoulder + bicep","Feb 11, 2026 at 3:58 AM","Feb 11, 2026 at 4:51 AM","","Bicep Curl (Barbell)",,"",1,"normal",18.14,15,,,
"shoulder + bicep","Feb 11, 2026 at 3:58 AM","Feb 11, 2026 at 4:51 AM","","Bicep Curl (Barbell)",,"",2,"normal",22.68,15,,,
"shoulder + bicep","Feb 11, 2026 at 3:58 AM","Feb 11, 2026 at 4:51 AM","","Bicep Curl (Barbell)",,"",3,"normal",22.68,15,,,
"shoulder + bicep","Feb 11, 2026 at 3:58 AM","Feb 11, 2026 at 4:51 AM","","Shrug (Barbell)",,"",0,"normal",24.95,15,,,
"shoulder + bicep","Feb 11, 2026 at 3:58 AM","Feb 11, 2026 at 4:51 AM","","Shrug (Barbell)",,"",1,"normal",24.95,15,,,
"shoulder + bicep","Feb 11, 2026 at 3:58 AM","Feb 11, 2026 at 4:51 AM","","Shrug (Barbell)",,"",2,"normal",29.48,15,,,
"shoulder + bicep","Feb 11, 2026 at 3:58 AM","Feb 11, 2026 at 4:51 AM","","Shrug (Barbell)",,"",3,"normal",29.48,15,,,
"shoulder + bicep","Feb 11, 2026 at 3:58 AM","Feb 11, 2026 at 4:51 AM","","Lateral Raise (Dumbbell)",,"",0,"normal",11.34,15,,,
"shoulder + bicep","Feb 11, 2026 at 3:58 AM","Feb 11, 2026 at 4:51 AM","","Lateral Raise (Dumbbell)",,"",1,"normal",11.34,15,,,
"shoulder + bicep","Feb 11, 2026 at 3:58 AM","Feb 11, 2026 at 4:51 AM","","Lateral Raise (Dumbbell)",,"",2,"normal",13.61,15,,,
"shoulder + bicep","Feb 11, 2026 at 3:58 AM","Feb 11, 2026 at 4:51 AM","","Lateral Raise (Dumbbell)",,"",3,"normal",13.61,15,,,
"shoulder + bicep","Feb 11, 2026 at 3:58 AM","Feb 11, 2026 at 4:51 AM","","Elliptical Trainer",,"",0,"normal",,,2.78,1213,
"back + tricep","Feb 10, 2026 at 2:18 AM","Feb 10, 2026 at 3:31 AM","","Lat Pulldown (Machine)",,"",0,"normal",31.75,15,,,
"back + tricep","Feb 10, 2026 at 2:18 AM","Feb 10, 2026 at 3:31 AM","","Lat Pulldown (Machine)",,"",1,"normal",45.36,15,,,
"back + tricep","Feb 10, 2026 at 2:18 AM","Feb 10, 2026 at 3:31 AM","","Lat Pulldown (Machine)",,"",2,"normal",45.36,12,,,
"back + tricep","Feb 10, 2026 at 2:18 AM","Feb 10, 2026 at 3:31 AM","","Lat Pulldown (Machine)",,"",3,"normal",49.9,8,,,
"back + tricep","Feb 10, 2026 at 2:18 AM","Feb 10, 2026 at 3:31 AM","","Triceps Pressdown",,"",0,"normal",31.75,15,,,
"back + tricep","Feb 10, 2026 at 2:18 AM","Feb 10, 2026 at 3:31 AM","","Triceps Pressdown",,"",1,"normal",38.56,12,,,
"back + tricep","Feb 10, 2026 at 2:18 AM","Feb 10, 2026 at 3:31 AM","","Triceps Pressdown",,"",2,"normal",38.56,10,,,
"back + tricep","Feb 10, 2026 at 2:18 AM","Feb 10, 2026 at 3:31 AM","","Triceps Pressdown",,"",3,"normal",45.36,8,,,
"back + tricep","Feb 10, 2026 at 2:18 AM","Feb 10, 2026 at 3:31 AM","","Seated Cable Row - V Grip (Cable)",,"",0,"normal",15.88,15,,,
"back + tricep","Feb 10, 2026 at 2:18 AM","Feb 10, 2026 at 3:31 AM","","Seated Cable Row - V Grip (Cable)",,"",1,"normal",19.28,15,,,
"back + tricep","Feb 10, 2026 at 2:18 AM","Feb 10, 2026 at 3:31 AM","","Seated Cable Row - V Grip (Cable)",,"",2,"normal",22.68,15,,,
"back + tricep","Feb 10, 2026 at 2:18 AM","Feb 10, 2026 at 3:31 AM","","Seated Cable Row - V Grip (Cable)",,"",3,"normal",27.22,10,,,
"back + tricep","Feb 10, 2026 at 2:18 AM","Feb 10, 2026 at 3:31 AM","","Back Extension (Weighted Hyperextension)",,"",0,"normal",11.34,15,,,
"back + tricep","Feb 10, 2026 at 2:18 AM","Feb 10, 2026 at 3:31 AM","","Back Extension (Weighted Hyperextension)",,"",1,"normal",11.34,15,,,
"back + tricep","Feb 10, 2026 at 2:18 AM","Feb 10, 2026 at 3:31 AM","","Back Extension (Weighted Hyperextension)",,"",2,"normal",11.34,15,,,
"back + tricep","Feb 10, 2026 at 2:18 AM","Feb 10, 2026 at 3:31 AM","","Back Extension (Weighted Hyperextension)",,"",3,"normal",11.34,15,,,
"back + tricep","Feb 10, 2026 at 2:18 AM","Feb 10, 2026 at 3:31 AM","","Face Pull",,"",0,"normal",11.34,15,,,
"back + tricep","Feb 10, 2026 at 2:18 AM","Feb 10, 2026 at 3:31 AM","","Face Pull",,"",1,"normal",15.88,15,,,
"back + tricep","Feb 10, 2026 at 2:18 AM","Feb 10, 2026 at 3:31 AM","","Face Pull",,"",2,"normal",19.28,15,,,
"back + tricep","Feb 10, 2026 at 2:18 AM","Feb 10, 2026 at 3:31 AM","","Face Pull",,"",3,"normal",26.08,15,,,
"back + tricep","Feb 10, 2026 at 2:18 AM","Feb 10, 2026 at 3:31 AM","","Elliptical Trainer",,"",0,"normal",,,4.02,1772,
"chest + bicep","Feb 6, 2026 at 10:55 PM","Feb 6, 2026 at 11:52 PM","","Chest Press (Machine)",,"",0,"normal",36.29,15,,,
"chest + bicep","Feb 6, 2026 at 10:55 PM","Feb 6, 2026 at 11:52 PM","","Chest Press (Machine)",,"",1,"normal",45.36,15,,,
"chest + bicep","Feb 6, 2026 at 10:55 PM","Feb 6, 2026 at 11:52 PM","","Chest Press (Machine)",,"",2,"normal",54.43,10,,,
"chest + bicep","Feb 6, 2026 at 10:55 PM","Feb 6, 2026 at 11:52 PM","","Chest Press (Machine)",,"",3,"normal",58.97,8,,,
"chest + bicep","Feb 6, 2026 at 10:55 PM","Feb 6, 2026 at 11:52 PM","","Incline Bench Press (Smith Machine)",,"",0,"normal",20.41,15,,,
"chest + bicep","Feb 6, 2026 at 10:55 PM","Feb 6, 2026 at 11:52 PM","","Incline Bench Press (Smith Machine)",,"",1,"normal",31.75,15,,,
"chest + bicep","Feb 6, 2026 at 10:55 PM","Feb 6, 2026 at 11:52 PM","","Incline Bench Press (Smith Machine)",,"",2,"normal",40.82,8,,,
"chest + bicep","Feb 6, 2026 at 10:55 PM","Feb 6, 2026 at 11:52 PM","","Incline Bench Press (Smith Machine)",,"",3,"normal",49.9,6,,,
"chest + bicep","Feb 6, 2026 at 10:55 PM","Feb 6, 2026 at 11:52 PM","","Bicep Curl (Barbell)",,"",0,"normal",13.61,15,,,
"chest + bicep","Feb 6, 2026 at 10:55 PM","Feb 6, 2026 at 11:52 PM","","Bicep Curl (Barbell)",,"",1,"normal",18.14,15,,,
"chest + bicep","Feb 6, 2026 at 10:55 PM","Feb 6, 2026 at 11:52 PM","","Bicep Curl (Barbell)",,"",2,"normal",18.14,15,,,
"chest + bicep","Feb 6, 2026 at 10:55 PM","Feb 6, 2026 at 11:52 PM","","Bicep Curl (Barbell)",,"",3,"normal",22.68,12,,,
"chest + bicep","Feb 6, 2026 at 10:55 PM","Feb 6, 2026 at 11:52 PM","","Hammer Curl (Dumbbell)",,"",0,"normal",27.22,10,,,
"chest + bicep","Feb 6, 2026 at 10:55 PM","Feb 6, 2026 at 11:52 PM","","Hammer Curl (Dumbbell)",,"",1,"normal",27.22,10,,,
"chest + bicep","Feb 6, 2026 at 10:55 PM","Feb 6, 2026 at 11:52 PM","","Hammer Curl (Dumbbell)",,"",2,"normal",31.75,10,,,
"chest + bicep","Feb 6, 2026 at 10:55 PM","Feb 6, 2026 at 11:52 PM","","Hammer Curl (Dumbbell)",,"",3,"normal",31.75,10,,,
"chest + bicep","Feb 6, 2026 at 10:55 PM","Feb 6, 2026 at 11:52 PM","","Plate Curl",,"",0,"normal",11.34,10,,,
"chest + bicep","Feb 6, 2026 at 10:55 PM","Feb 6, 2026 at 11:52 PM","","Plate Curl",,"",1,"normal",11.34,10,,,
"chest + bicep","Feb 6, 2026 at 10:55 PM","Feb 6, 2026 at 11:52 PM","","Plate Curl",,"",2,"normal",11.34,10,,,
"chest + bicep","Feb 6, 2026 at 10:55 PM","Feb 6, 2026 at 11:52 PM","","Elliptical Trainer",,"",0,"normal",,,2.62,970,
"shoulder + leg","Feb 6, 2026 at 12:05 AM","Feb 6, 2026 at 1:12 AM","","Overhead Press (Smith Machine)",,"",0,"normal",43.09,15,,,
"shoulder + leg","Feb 6, 2026 at 12:05 AM","Feb 6, 2026 at 1:12 AM","","Overhead Press (Smith Machine)",,"",1,"normal",52.16,10,,,
"shoulder + leg","Feb 6, 2026 at 12:05 AM","Feb 6, 2026 at 1:12 AM","","Overhead Press (Smith Machine)",,"",2,"normal",52.16,10,,,
"shoulder + leg","Feb 6, 2026 at 12:05 AM","Feb 6, 2026 at 1:12 AM","","Overhead Press (Smith Machine)",,"",3,"normal",56.7,4,,,
"shoulder + leg","Feb 6, 2026 at 12:05 AM","Feb 6, 2026 at 1:12 AM","","Overhead Press (Smith Machine)",,"",4,"normal",29.48,15,,,
"shoulder + leg","Feb 6, 2026 at 12:05 AM","Feb 6, 2026 at 1:12 AM","","Leg Extension (Machine)",,"",0,"normal",22.68,15,,,
"shoulder + leg","Feb 6, 2026 at 12:05 AM","Feb 6, 2026 at 1:12 AM","","Leg Extension (Machine)",,"",1,"normal",31.75,12,,,
"shoulder + leg","Feb 6, 2026 at 12:05 AM","Feb 6, 2026 at 1:12 AM","","Leg Extension (Machine)",,"",2,"normal",31.75,10,,,
"shoulder + leg","Feb 6, 2026 at 12:05 AM","Feb 6, 2026 at 1:12 AM","","Leg Extension (Machine)",,"",3,"normal",40.82,10,,,
"shoulder + leg","Feb 6, 2026 at 12:05 AM","Feb 6, 2026 at 1:12 AM","","Shoulder Press (Dumbbell)",,"",0,"normal",27.22,15,,,
"shoulder + leg","Feb 6, 2026 at 12:05 AM","Feb 6, 2026 at 1:12 AM","","Shoulder Press (Dumbbell)",,"",1,"normal",27.22,15,,,
"shoulder + leg","Feb 6, 2026 at 12:05 AM","Feb 6, 2026 at 1:12 AM","","Shoulder Press (Dumbbell)",,"",2,"normal",27.22,15,,,
"shoulder + leg","Feb 6, 2026 at 12:05 AM","Feb 6, 2026 at 1:12 AM","","Shoulder Press (Dumbbell)",,"",3,"normal",36.29,10,,,
"shoulder + leg","Feb 6, 2026 at 12:05 AM","Feb 6, 2026 at 1:12 AM","","Hip Abduction (Machine)",,"",0,"normal",27.22,15,,,
"shoulder + leg","Feb 6, 2026 at 12:05 AM","Feb 6, 2026 at 1:12 AM","","Hip Abduction (Machine)",,"",1,"normal",27.22,15,,,
"shoulder + leg","Feb 6, 2026 at 12:05 AM","Feb 6, 2026 at 1:12 AM","","Hip Abduction (Machine)",,"",2,"normal",36.29,10,,,
"shoulder + leg","Feb 6, 2026 at 12:05 AM","Feb 6, 2026 at 1:12 AM","","Hip Abduction (Machine)",,"",3,"normal",36.29,10,,,
"shoulder + leg","Feb 6, 2026 at 12:05 AM","Feb 6, 2026 at 1:12 AM","","Shrug (Barbell)",,"",0,"normal",20.41,15,,,
"shoulder + leg","Feb 6, 2026 at 12:05 AM","Feb 6, 2026 at 1:12 AM","","Shrug (Barbell)",,"",1,"normal",20.41,15,,,
"shoulder + leg","Feb 6, 2026 at 12:05 AM","Feb 6, 2026 at 1:12 AM","","Shrug (Barbell)",,"",2,"normal",20.41,15,,,
"shoulder + leg","Feb 6, 2026 at 12:05 AM","Feb 6, 2026 at 1:12 AM","","Shrug (Barbell)",,"",3,"normal",20.41,15,,,
"shoulder + leg","Feb 6, 2026 at 12:05 AM","Feb 6, 2026 at 1:12 AM","","Treadmill",,"",0,"normal",,,0.97,900,
"back + tricep","Feb 5, 2026 at 12:15 AM","Feb 5, 2026 at 1:31 AM","","Seated Cable Row - V Grip (Cable)",,"",0,"normal",15.88,15,,,
"back + tricep","Feb 5, 2026 at 12:15 AM","Feb 5, 2026 at 1:31 AM","","Seated Cable Row - V Grip (Cable)",,"",1,"normal",19.28,15,,,
"back + tricep","Feb 5, 2026 at 12:15 AM","Feb 5, 2026 at 1:31 AM","","Seated Cable Row - V Grip (Cable)",,"",2,"normal",22.68,15,,,
"back + tricep","Feb 5, 2026 at 12:15 AM","Feb 5, 2026 at 1:31 AM","","Seated Cable Row - V Grip (Cable)",,"",3,"normal",31.75,8,,,
"back + tricep","Feb 5, 2026 at 12:15 AM","Feb 5, 2026 at 1:31 AM","","Seated Cable Row - V Grip (Cable)",,"",4,"normal",15.88,15,,,
"back + tricep","Feb 5, 2026 at 12:15 AM","Feb 5, 2026 at 1:31 AM","","Triceps Pressdown",,"",0,"normal",31.75,15,,,
"back + tricep","Feb 5, 2026 at 12:15 AM","Feb 5, 2026 at 1:31 AM","","Triceps Pressdown",,"",1,"normal",38.56,12,,,
"back + tricep","Feb 5, 2026 at 12:15 AM","Feb 5, 2026 at 1:31 AM","","Triceps Pressdown",,"",2,"normal",38.56,10,,,
"back + tricep","Feb 5, 2026 at 12:15 AM","Feb 5, 2026 at 1:31 AM","","Triceps Pressdown",,"",3,"normal",45.36,5,,,
"back + tricep","Feb 5, 2026 at 12:15 AM","Feb 5, 2026 at 1:31 AM","","Triceps Pressdown",,"",4,"normal",27.22,15,,,
"back + tricep","Feb 5, 2026 at 12:15 AM","Feb 5, 2026 at 1:31 AM","","Lat Pulldown (Cable)",,"",0,"normal",15.88,15,,,
"back + tricep","Feb 5, 2026 at 12:15 AM","Feb 5, 2026 at 1:31 AM","","Lat Pulldown (Cable)",,"",1,"normal",19.28,12,,,
"back + tricep","Feb 5, 2026 at 12:15 AM","Feb 5, 2026 at 1:31 AM","","Lat Pulldown (Cable)",,"",2,"normal",19.28,10,,,
"back + tricep","Feb 5, 2026 at 12:15 AM","Feb 5, 2026 at 1:31 AM","","Lat Pulldown (Cable)",,"",3,"normal",22.68,8,,,
"back + tricep","Feb 5, 2026 at 12:15 AM","Feb 5, 2026 at 1:31 AM","","Lat Pulldown (Cable)",,"",4,"normal",12.47,15,,,
"back + tricep","Feb 5, 2026 at 12:15 AM","Feb 5, 2026 at 1:31 AM","","Triceps Extension (Dumbbell)",,"",0,"normal",20.41,15,,,
"back + tricep","Feb 5, 2026 at 12:15 AM","Feb 5, 2026 at 1:31 AM","","Triceps Extension (Dumbbell)",,"",1,"normal",20.41,15,,,
"back + tricep","Feb 5, 2026 at 12:15 AM","Feb 5, 2026 at 1:31 AM","","Triceps Extension (Dumbbell)",,"",2,"normal",20.41,15,,,
"back + tricep","Feb 5, 2026 at 12:15 AM","Feb 5, 2026 at 1:31 AM","","Triceps Extension (Dumbbell)",,"",3,"normal",20.41,12,,,
"back + tricep","Feb 5, 2026 at 12:15 AM","Feb 5, 2026 at 1:31 AM","","Back Extension (Weighted Hyperextension)",,"",0,"normal",11.34,12,,,
"back + tricep","Feb 5, 2026 at 12:15 AM","Feb 5, 2026 at 1:31 AM","","Back Extension (Weighted Hyperextension)",,"",1,"normal",11.34,12,,,
"back + tricep","Feb 5, 2026 at 12:15 AM","Feb 5, 2026 at 1:31 AM","","Back Extension (Weighted Hyperextension)",,"",2,"normal",11.34,12,,,
"back + tricep","Feb 5, 2026 at 12:15 AM","Feb 5, 2026 at 1:31 AM","","Back Extension (Weighted Hyperextension)",,"",3,"normal",11.34,12,,,
"back + tricep","Feb 5, 2026 at 12:15 AM","Feb 5, 2026 at 1:31 AM","","Plate Curl",,"",0,"normal",11.34,10,,,
"back + tricep","Feb 5, 2026 at 12:15 AM","Feb 5, 2026 at 1:31 AM","","Plate Curl",,"",1,"normal",11.34,10,,,
"back + tricep","Feb 5, 2026 at 12:15 AM","Feb 5, 2026 at 1:31 AM","","Plate Curl",,"",2,"normal",11.34,10,,,
"chest + bicep","Feb 3, 2026 at 10:01 PM","Feb 3, 2026 at 11:19 PM","","Chest Press (Machine)",,"",0,"normal",31.75,15,,,
"chest + bicep","Feb 3, 2026 at 10:01 PM","Feb 3, 2026 at 11:19 PM","","Chest Press (Machine)",,"",1,"normal",40.82,15,,,
"chest + bicep","Feb 3, 2026 at 10:01 PM","Feb 3, 2026 at 11:19 PM","","Chest Press (Machine)",,"",2,"normal",49.9,15,,,
"chest + bicep","Feb 3, 2026 at 10:01 PM","Feb 3, 2026 at 11:19 PM","","Chest Press (Machine)",,"",3,"normal",58.97,10,,,
"chest + bicep","Feb 3, 2026 at 10:01 PM","Feb 3, 2026 at 11:19 PM","","Chest Press (Machine)",,"",4,"normal",22.68,15,,,
"chest + bicep","Feb 3, 2026 at 10:01 PM","Feb 3, 2026 at 11:19 PM","","Bicep Curl (Barbell)",,"",0,"normal",13.61,15,,,
"chest + bicep","Feb 3, 2026 at 10:01 PM","Feb 3, 2026 at 11:19 PM","","Bicep Curl (Barbell)",,"",1,"normal",13.61,15,,,
"chest + bicep","Feb 3, 2026 at 10:01 PM","Feb 3, 2026 at 11:19 PM","","Bicep Curl (Barbell)",,"",2,"normal",18.14,15,,,
"chest + bicep","Feb 3, 2026 at 10:01 PM","Feb 3, 2026 at 11:19 PM","","Bicep Curl (Barbell)",,"",3,"normal",18.14,15,,,
"chest + bicep","Feb 3, 2026 at 10:01 PM","Feb 3, 2026 at 11:19 PM","","Incline Chest Press (Machine)",,"",0,"normal",22.68,15,,,
"chest + bicep","Feb 3, 2026 at 10:01 PM","Feb 3, 2026 at 11:19 PM","","Incline Chest Press (Machine)",,"",1,"normal",27.22,15,,,
"chest + bicep","Feb 3, 2026 at 10:01 PM","Feb 3, 2026 at 11:19 PM","","Incline Chest Press (Machine)",,"",2,"normal",40.82,10,,,
"chest + bicep","Feb 3, 2026 at 10:01 PM","Feb 3, 2026 at 11:19 PM","","Incline Chest Press (Machine)",,"",3,"normal",54.43,4,,,
"chest + bicep","Feb 3, 2026 at 10:01 PM","Feb 3, 2026 at 11:19 PM","","Incline Chest Press (Machine)",,"",4,"normal",13.61,15,,,
"chest + bicep","Feb 3, 2026 at 10:01 PM","Feb 3, 2026 at 11:19 PM","","Hammer Curl (Dumbbell)",,"",0,"normal",18.14,15,,,
"chest + bicep","Feb 3, 2026 at 10:01 PM","Feb 3, 2026 at 11:19 PM","","Hammer Curl (Dumbbell)",,"",1,"normal",18.14,15,,,
"chest + bicep","Feb 3, 2026 at 10:01 PM","Feb 3, 2026 at 11:19 PM","","Hammer Curl (Dumbbell)",,"",2,"normal",22.68,15,,,
"chest + bicep","Feb 3, 2026 at 10:01 PM","Feb 3, 2026 at 11:19 PM","","Hammer Curl (Dumbbell)",,"",3,"normal",22.68,10,,,
"chest + bicep","Feb 3, 2026 at 10:01 PM","Feb 3, 2026 at 11:19 PM","","Seated Leg Curl (Machine)",,"",0,"normal",22.68,15,,,
"chest + bicep","Feb 3, 2026 at 10:01 PM","Feb 3, 2026 at 11:19 PM","","Seated Leg Curl (Machine)",,"",1,"normal",31.75,12,,,
"chest + bicep","Feb 3, 2026 at 10:01 PM","Feb 3, 2026 at 11:19 PM","","Seated Leg Curl (Machine)",,"",2,"normal",31.75,12,,,
"chest + bicep","Feb 3, 2026 at 10:01 PM","Feb 3, 2026 at 11:19 PM","","Seated Leg Curl (Machine)",,"",3,"normal",36.29,10,,,
"chest + bicep","Feb 3, 2026 at 10:01 PM","Feb 3, 2026 at 11:19 PM","","Seated Leg Curl (Machine)",,"",4,"normal",22.68,15,,,
"chest + bicep","Feb 3, 2026 at 10:01 PM","Feb 3, 2026 at 11:19 PM","","Treadmill",,"",0,"normal",,,2.01,1740,
"back + leg","Feb 2, 2026 at 10:42 PM","Feb 2, 2026 at 11:28 PM","","Seated Cable Row - V Grip (Cable)",,"",0,"normal",15.88,15,,,
"back + leg","Feb 2, 2026 at 10:42 PM","Feb 2, 2026 at 11:28 PM","","Seated Cable Row - V Grip (Cable)",,"",1,"normal",19.28,15,,,
"back + leg","Feb 2, 2026 at 10:42 PM","Feb 2, 2026 at 11:28 PM","","Seated Cable Row - V Grip (Cable)",,"",2,"normal",22.68,15,,,
"back + leg","Feb 2, 2026 at 10:42 PM","Feb 2, 2026 at 11:28 PM","","Seated Cable Row - V Grip (Cable)",,"",3,"normal",27.22,10,,,
"back + leg","Feb 2, 2026 at 10:42 PM","Feb 2, 2026 at 11:28 PM","","Seated Cable Row - V Grip (Cable)",,"",4,"normal",15.88,15,,,
"back + leg","Feb 2, 2026 at 10:42 PM","Feb 2, 2026 at 11:28 PM","","Leg Extension (Machine)",,"",0,"normal",22.68,15,,,
"back + leg","Feb 2, 2026 at 10:42 PM","Feb 2, 2026 at 11:28 PM","","Leg Extension (Machine)",,"",1,"normal",27.22,15,,,
"back + leg","Feb 2, 2026 at 10:42 PM","Feb 2, 2026 at 11:28 PM","","Leg Extension (Machine)",,"",2,"normal",31.75,15,,,
"back + leg","Feb 2, 2026 at 10:42 PM","Feb 2, 2026 at 11:28 PM","","Leg Extension (Machine)",,"",3,"normal",40.82,10,,,
"back + leg","Feb 2, 2026 at 10:42 PM","Feb 2, 2026 at 11:28 PM","","Leg Extension (Machine)",,"",4,"normal",22.68,15,,,
"back + leg","Feb 2, 2026 at 10:42 PM","Feb 2, 2026 at 11:28 PM","","Rear Delt Reverse Fly (Machine)",,"",0,"normal",22.68,15,,,
"back + leg","Feb 2, 2026 at 10:42 PM","Feb 2, 2026 at 11:28 PM","","Rear Delt Reverse Fly (Machine)",,"",1,"normal",27.22,10,,,
"back + leg","Feb 2, 2026 at 10:42 PM","Feb 2, 2026 at 11:28 PM","","Rear Delt Reverse Fly (Machine)",,"",2,"normal",27.22,10,,,
"back + leg","Feb 2, 2026 at 10:42 PM","Feb 2, 2026 at 11:28 PM","","Rear Delt Reverse Fly (Machine)",,"",3,"normal",31.75,4,,,
"back + leg","Feb 2, 2026 at 10:42 PM","Feb 2, 2026 at 11:28 PM","","Rear Delt Reverse Fly (Machine)",,"",4,"normal",13.61,15,,,
"back + leg","Feb 2, 2026 at 10:42 PM","Feb 2, 2026 at 11:28 PM","","Leg Press Horizontal (Machine)",,"",0,"normal",31.75,15,,,
"back + leg","Feb 2, 2026 at 10:42 PM","Feb 2, 2026 at 11:28 PM","","Leg Press Horizontal (Machine)",,"",1,"normal",58.97,15,,,
"back + leg","Feb 2, 2026 at 10:42 PM","Feb 2, 2026 at 11:28 PM","","Leg Press Horizontal (Machine)",,"",2,"normal",68.04,15,,,
"back + leg","Feb 2, 2026 at 10:42 PM","Feb 2, 2026 at 11:28 PM","","Leg Press Horizontal (Machine)",,"",3,"normal",81.65,15,,,
"back + leg","Feb 2, 2026 at 10:42 PM","Feb 2, 2026 at 11:28 PM","","Lat Pulldown (Cable)",,"",0,"normal",15.88,15,,,
"back + leg","Feb 2, 2026 at 10:42 PM","Feb 2, 2026 at 11:28 PM","","Lat Pulldown (Cable)",,"",1,"normal",19.28,15,,,
"back + leg","Feb 2, 2026 at 10:42 PM","Feb 2, 2026 at 11:28 PM","","Lat Pulldown (Cable)",,"",2,"normal",19.28,12,,,
"back + leg","Feb 2, 2026 at 10:42 PM","Feb 2, 2026 at 11:28 PM","","Lat Pulldown (Cable)",,"",3,"normal",22.68,6,,,
"back + leg","Feb 2, 2026 at 10:42 PM","Feb 2, 2026 at 11:28 PM","","Lat Pulldown (Cable)",,"",4,"normal",12.47,15,,,
"shoulder","Feb 1, 2026 at 5:39 AM","Feb 1, 2026 at 7:07 AM","","Seated Shoulder Press (Machine)",,"",0,"normal",22.68,15,,,
"shoulder","Feb 1, 2026 at 5:39 AM","Feb 1, 2026 at 7:07 AM","","Seated Shoulder Press (Machine)",,"",1,"normal",31.75,15,,,
"shoulder","Feb 1, 2026 at 5:39 AM","Feb 1, 2026 at 7:07 AM","","Seated Shoulder Press (Machine)",,"",2,"normal",40.82,15,,,
"shoulder","Feb 1, 2026 at 5:39 AM","Feb 1, 2026 at 7:07 AM","","Seated Shoulder Press (Machine)",,"",3,"normal",58.97,5,,,
"shoulder","Feb 1, 2026 at 5:39 AM","Feb 1, 2026 at 7:07 AM","","Seated Shoulder Press (Machine)",,"",4,"normal",22.68,15,,,
"shoulder","Feb 1, 2026 at 5:39 AM","Feb 1, 2026 at 7:07 AM","","Shrug (Barbell)",,"",0,"normal",20.41,15,,,
"shoulder","Feb 1, 2026 at 5:39 AM","Feb 1, 2026 at 7:07 AM","","Shrug (Barbell)",,"",1,"normal",28.58,15,,,
"shoulder","Feb 1, 2026 at 5:39 AM","Feb 1, 2026 at 7:07 AM","","Shrug (Barbell)",,"",2,"normal",28.58,15,,,
"shoulder","Feb 1, 2026 at 5:39 AM","Feb 1, 2026 at 7:07 AM","","Shrug (Barbell)",,"",3,"normal",37.65,15,,,
"shoulder","Feb 1, 2026 at 5:39 AM","Feb 1, 2026 at 7:07 AM","","Lateral Raise (Dumbbell)",,"",0,"normal",9.07,15,,,
"shoulder","Feb 1, 2026 at 5:39 AM","Feb 1, 2026 at 7:07 AM","","Lateral Raise (Dumbbell)",,"",1,"normal",9.07,15,,,
"shoulder","Feb 1, 2026 at 5:39 AM","Feb 1, 2026 at 7:07 AM","","Lateral Raise (Dumbbell)",,"",2,"normal",13.61,15,,,
"shoulder","Feb 1, 2026 at 5:39 AM","Feb 1, 2026 at 7:07 AM","","Lateral Raise (Dumbbell)",,"",3,"normal",13.61,15,,,
"shoulder","Feb 1, 2026 at 5:39 AM","Feb 1, 2026 at 7:07 AM","","Overhead Press (Smith Machine)",,"",0,"normal",29.48,15,,,
"shoulder","Feb 1, 2026 at 5:39 AM","Feb 1, 2026 at 7:07 AM","","Overhead Press (Smith Machine)",,"",1,"normal",38.56,15,,,
"shoulder","Feb 1, 2026 at 5:39 AM","Feb 1, 2026 at 7:07 AM","","Overhead Press (Smith Machine)",,"",2,"normal",47.63,10,,,
"shoulder","Feb 1, 2026 at 5:39 AM","Feb 1, 2026 at 7:07 AM","","Overhead Press (Smith Machine)",,"",3,"normal",52.16,8,,,
"shoulder","Feb 1, 2026 at 5:39 AM","Feb 1, 2026 at 7:07 AM","","Overhead Press (Smith Machine)",,"",4,"normal",29.48,15,,,
"shoulder","Feb 1, 2026 at 5:39 AM","Feb 1, 2026 at 7:07 AM","","Face Pull",,"",0,"normal",11.34,15,,,
"shoulder","Feb 1, 2026 at 5:39 AM","Feb 1, 2026 at 7:07 AM","","Face Pull",,"",1,"normal",13.61,15,,,
"shoulder","Feb 1, 2026 at 5:39 AM","Feb 1, 2026 at 7:07 AM","","Face Pull",,"",2,"normal",15.88,15,,,
"shoulder","Feb 1, 2026 at 5:39 AM","Feb 1, 2026 at 7:07 AM","","Face Pull",,"",3,"normal",19.28,15,,,
"shoulder","Feb 1, 2026 at 5:39 AM","Feb 1, 2026 at 7:07 AM","","Face Pull",,"",4,"normal",9.07,15,,,
"shoulder","Feb 1, 2026 at 5:39 AM","Feb 1, 2026 at 7:07 AM","","Treadmill",,"",0,"normal",,,2.49,1980,
"chest + biceps","Jan 28, 2026 at 9:49 PM","Jan 28, 2026 at 10:55 PM","","Bench Press (Barbell)",,"",0,"normal",18.14,15,,,
"chest + biceps","Jan 28, 2026 at 9:49 PM","Jan 28, 2026 at 10:55 PM","","Bench Press (Barbell)",,"",1,"normal",27.22,15,,,
"chest + biceps","Jan 28, 2026 at 9:49 PM","Jan 28, 2026 at 10:55 PM","","Bench Press (Barbell)",,"",2,"normal",43.09,8,,,
"chest + biceps","Jan 28, 2026 at 9:49 PM","Jan 28, 2026 at 10:55 PM","","Bench Press (Barbell)",,"",3,"normal",49.9,6,,,
"chest + biceps","Jan 28, 2026 at 9:49 PM","Jan 28, 2026 at 10:55 PM","","Bench Press (Barbell)",,"",4,"normal",18.14,15,,,
"chest + biceps","Jan 28, 2026 at 9:49 PM","Jan 28, 2026 at 10:55 PM","","Incline Bench Press (Barbell)",,"",0,"normal",18.14,15,,,
"chest + biceps","Jan 28, 2026 at 9:49 PM","Jan 28, 2026 at 10:55 PM","","Incline Bench Press (Barbell)",,"",1,"normal",22.68,12,,,
"chest + biceps","Jan 28, 2026 at 9:49 PM","Jan 28, 2026 at 10:55 PM","","Incline Bench Press (Barbell)",,"",2,"normal",27.22,8,,,
"chest + biceps","Jan 28, 2026 at 9:49 PM","Jan 28, 2026 at 10:55 PM","","Incline Bench Press (Barbell)",,"",3,"normal",31.75,4,,,
"chest + biceps","Jan 28, 2026 at 9:49 PM","Jan 28, 2026 at 10:55 PM","","Incline Bench Press (Barbell)",,"",4,"normal",22.68,4,,,
"chest + biceps","Jan 28, 2026 at 9:49 PM","Jan 28, 2026 at 10:55 PM","","Chest Fly (Machine)",,"",0,"normal",31.75,15,,,
"chest + biceps","Jan 28, 2026 at 9:49 PM","Jan 28, 2026 at 10:55 PM","","Chest Fly (Machine)",,"",1,"normal",36.29,12,,,
"chest + biceps","Jan 28, 2026 at 9:49 PM","Jan 28, 2026 at 10:55 PM","","Chest Fly (Machine)",,"",2,"normal",40.82,12,,,
"chest + biceps","Jan 28, 2026 at 9:49 PM","Jan 28, 2026 at 10:55 PM","","Chest Fly (Machine)",,"",3,"normal",54.43,5,,,
"chest + biceps","Jan 28, 2026 at 9:49 PM","Jan 28, 2026 at 10:55 PM","","Chest Fly (Machine)",,"",4,"normal",31.75,10,,,
"chest + biceps","Jan 28, 2026 at 9:49 PM","Jan 28, 2026 at 10:55 PM","","Bicep Curl (Barbell)",,"",0,"normal",13.61,15,,,
"chest + biceps","Jan 28, 2026 at 9:49 PM","Jan 28, 2026 at 10:55 PM","","Bicep Curl (Barbell)",,"",1,"normal",18.14,10,,,
"chest + biceps","Jan 28, 2026 at 9:49 PM","Jan 28, 2026 at 10:55 PM","","Bicep Curl (Barbell)",,"",2,"normal",18.14,12,,,
"chest + biceps","Jan 28, 2026 at 9:49 PM","Jan 28, 2026 at 10:55 PM","","Bicep Curl (Barbell)",,"",3,"normal",18.14,15,,,
"chest + biceps","Jan 28, 2026 at 9:49 PM","Jan 28, 2026 at 10:55 PM","","Hammer Curl (Dumbbell)",,"",0,"normal",18.14,15,,,
"chest + biceps","Jan 28, 2026 at 9:49 PM","Jan 28, 2026 at 10:55 PM","","Hammer Curl (Dumbbell)",,"",1,"normal",18.14,15,,,
"chest + biceps","Jan 28, 2026 at 9:49 PM","Jan 28, 2026 at 10:55 PM","","Hammer Curl (Dumbbell)",,"",2,"normal",18.14,12,,,
"chest + biceps","Jan 28, 2026 at 9:49 PM","Jan 28, 2026 at 10:55 PM","","Hammer Curl (Dumbbell)",,"",3,"normal",18.14,12,,,
"chest + biceps","Jan 28, 2026 at 9:49 PM","Jan 28, 2026 at 10:55 PM","","Stair Machine (Steps)",,"",0,"normal",,,,600,
"Back + tricep","Jan 28, 2026 at 5:04 AM","Jan 28, 2026 at 5:58 AM","","Lat Pulldown (Machine)",,"",0,"normal",36.29,15,,,
"Back + tricep","Jan 28, 2026 at 5:04 AM","Jan 28, 2026 at 5:58 AM","","Lat Pulldown (Machine)",,"",1,"normal",45.36,12,,,
"Back + tricep","Jan 28, 2026 at 5:04 AM","Jan 28, 2026 at 5:58 AM","","Lat Pulldown (Machine)",,"",2,"normal",45.36,12,,,
"Back + tricep","Jan 28, 2026 at 5:04 AM","Jan 28, 2026 at 5:58 AM","","Lat Pulldown (Machine)",,"",3,"normal",49.9,6,,,
"Back + tricep","Jan 28, 2026 at 5:04 AM","Jan 28, 2026 at 5:58 AM","","Lat Pulldown (Machine)",,"",4,"normal",22.68,15,,,
"Back + tricep","Jan 28, 2026 at 5:04 AM","Jan 28, 2026 at 5:58 AM","","Triceps Pressdown",,"",0,"normal",22.68,15,,,
"Back + tricep","Jan 28, 2026 at 5:04 AM","Jan 28, 2026 at 5:58 AM","","Triceps Pressdown",,"",1,"normal",27.22,15,,,
"Back + tricep","Jan 28, 2026 at 5:04 AM","Jan 28, 2026 at 5:58 AM","","Triceps Pressdown",,"",2,"normal",27.22,15,,,
"Back + tricep","Jan 28, 2026 at 5:04 AM","Jan 28, 2026 at 5:58 AM","","Triceps Pressdown",,"",3,"normal",36.29,8,,,
"Back + tricep","Jan 28, 2026 at 5:04 AM","Jan 28, 2026 at 5:58 AM","","Triceps Pressdown",,"",4,"normal",18.14,15,,,
"Back + tricep","Jan 28, 2026 at 5:04 AM","Jan 28, 2026 at 5:58 AM","","Lat Pulldown (Cable)",,"",0,"normal",15.88,15,,,
"Back + tricep","Jan 28, 2026 at 5:04 AM","Jan 28, 2026 at 5:58 AM","","Lat Pulldown (Cable)",,"",1,"normal",19.28,12,,,
"Back + tricep","Jan 28, 2026 at 5:04 AM","Jan 28, 2026 at 5:58 AM","","Lat Pulldown (Cable)",,"",2,"normal",19.28,10,,,
"Back + tricep","Jan 28, 2026 at 5:04 AM","Jan 28, 2026 at 5:58 AM","","Lat Pulldown (Cable)",,"",3,"normal",22.68,6,,,
"Back + tricep","Jan 28, 2026 at 5:04 AM","Jan 28, 2026 at 5:58 AM","","Lat Pulldown (Cable)",,"",4,"normal",12.47,15,,,
"Back + tricep","Jan 28, 2026 at 5:04 AM","Jan 28, 2026 at 5:58 AM","","Triceps Extension (Machine)",,"",0,"normal",13.61,15,,,
"Back + tricep","Jan 28, 2026 at 5:04 AM","Jan 28, 2026 at 5:58 AM","","Triceps Extension (Machine)",,"",1,"normal",22.68,15,,,
"Back + tricep","Jan 28, 2026 at 5:04 AM","Jan 28, 2026 at 5:58 AM","","Triceps Extension (Machine)",,"",2,"normal",27.22,12,,,
"Back + tricep","Jan 28, 2026 at 5:04 AM","Jan 28, 2026 at 5:58 AM","","Triceps Extension (Machine)",,"",3,"normal",31.75,6,,,
"Back + tricep","Jan 28, 2026 at 5:04 AM","Jan 28, 2026 at 5:58 AM","","Triceps Extension (Machine)",,"",4,"normal",13.61,15,,,
"Back + tricep","Jan 28, 2026 at 5:04 AM","Jan 28, 2026 at 5:58 AM","","Seated Cable Row - Bar Grip",,"",0,"normal",12.47,15,,,
"Back + tricep","Jan 28, 2026 at 5:04 AM","Jan 28, 2026 at 5:58 AM","","Seated Cable Row - Bar Grip",,"",1,"normal",15.88,15,,,
"Back + tricep","Jan 28, 2026 at 5:04 AM","Jan 28, 2026 at 5:58 AM","","Seated Cable Row - Bar Grip",,"",2,"normal",19.28,10,,,
"Back + tricep","Jan 28, 2026 at 5:04 AM","Jan 28, 2026 at 5:58 AM","","Seated Cable Row - Bar Grip",,"",3,"normal",22.68,6,,,
"Back + tricep","Jan 28, 2026 at 5:04 AM","Jan 28, 2026 at 5:58 AM","","Seated Cable Row - Bar Grip",,"",4,"normal",12.32,15,,,
"Back + tricep","Jan 28, 2026 at 5:04 AM","Jan 28, 2026 at 5:58 AM","","Treadmill",,"",0,"normal",,,0.97,720,
"Shoulder","Jan 26, 2026 at 10:47 PM","Jan 27, 2026 at 12:10 AM","","Lateral Raise (Dumbbell)",,"",0,"normal",9.07,15,,,
"Shoulder","Jan 26, 2026 at 10:47 PM","Jan 27, 2026 at 12:10 AM","","Lateral Raise (Dumbbell)",,"",1,"normal",9.07,15,,,
"Shoulder","Jan 26, 2026 at 10:47 PM","Jan 27, 2026 at 12:10 AM","","Lateral Raise (Dumbbell)",,"",2,"normal",13.61,12,,,
"Shoulder","Jan 26, 2026 at 10:47 PM","Jan 27, 2026 at 12:10 AM","","Lateral Raise (Dumbbell)",,"",3,"normal",13.61,12,,,
"Shoulder","Jan 26, 2026 at 10:47 PM","Jan 27, 2026 at 12:10 AM","","Shrug (Barbell)",,"",0,"normal",20.41,15,,,
"Shoulder","Jan 26, 2026 at 10:47 PM","Jan 27, 2026 at 12:10 AM","","Shrug (Barbell)",,"",1,"normal",20.41,15,,,
"Shoulder","Jan 26, 2026 at 10:47 PM","Jan 27, 2026 at 12:10 AM","","Shrug (Barbell)",,"",2,"normal",28.58,15,,,
"Shoulder","Jan 26, 2026 at 10:47 PM","Jan 27, 2026 at 12:10 AM","","Shrug (Barbell)",,"",3,"normal",37.65,15,,,
"Shoulder","Jan 26, 2026 at 10:47 PM","Jan 27, 2026 at 12:10 AM","","Shoulder Press (Dumbbell)",,"",0,"normal",27.22,12,,,
"Shoulder","Jan 26, 2026 at 10:47 PM","Jan 27, 2026 at 12:10 AM","","Shoulder Press (Dumbbell)",,"",1,"normal",27.22,12,,,
"Shoulder","Jan 26, 2026 at 10:47 PM","Jan 27, 2026 at 12:10 AM","","Shoulder Press (Dumbbell)",,"",2,"normal",27.22,12,,,
"Shoulder","Jan 26, 2026 at 10:47 PM","Jan 27, 2026 at 12:10 AM","","Shoulder Press (Dumbbell)",,"",3,"normal",36.29,8,,,
"Shoulder","Jan 26, 2026 at 10:47 PM","Jan 27, 2026 at 12:10 AM","","Kettlebell Halo",,"",0,"normal",20.41,12,,,
"Shoulder","Jan 26, 2026 at 10:47 PM","Jan 27, 2026 at 12:10 AM","","Kettlebell Halo",,"",1,"normal",20.41,12,,,
"Shoulder","Jan 26, 2026 at 10:47 PM","Jan 27, 2026 at 12:10 AM","","Kettlebell Halo",,"",2,"normal",20.41,12,,,
"Shoulder","Jan 26, 2026 at 10:47 PM","Jan 27, 2026 at 12:10 AM","","Kettlebell Halo",,"",3,"normal",20.41,12,,,
"Shoulder","Jan 26, 2026 at 10:47 PM","Jan 27, 2026 at 12:10 AM","","Front Raise (Barbell)",,"",0,"normal",20.41,10,,,
"Shoulder","Jan 26, 2026 at 10:47 PM","Jan 27, 2026 at 12:10 AM","","Front Raise (Barbell)",,"",1,"normal",20.41,12,,,
"Shoulder","Jan 26, 2026 at 10:47 PM","Jan 27, 2026 at 12:10 AM","","Front Raise (Barbell)",,"",2,"normal",20.41,12,,,
"Shoulder","Jan 26, 2026 at 10:47 PM","Jan 27, 2026 at 12:10 AM","","Front Raise (Barbell)",,"",3,"normal",20.41,12,,,
"Shoulder","Jan 26, 2026 at 10:47 PM","Jan 27, 2026 at 12:10 AM","","Face Pull",,"",0,"normal",9.07,15,,,
"Shoulder","Jan 26, 2026 at 10:47 PM","Jan 27, 2026 at 12:10 AM","","Face Pull",,"",1,"normal",11.34,15,,,
"Shoulder","Jan 26, 2026 at 10:47 PM","Jan 27, 2026 at 12:10 AM","","Face Pull",,"",2,"normal",13.61,15,,,
"Shoulder","Jan 26, 2026 at 10:47 PM","Jan 27, 2026 at 12:10 AM","","Face Pull",,"",3,"normal",19.28,10,,,
"Shoulder","Jan 26, 2026 at 10:47 PM","Jan 27, 2026 at 12:10 AM","","Face Pull",,"",4,"normal",9.07,15,,,
"Shoulder","Jan 26, 2026 at 10:47 PM","Jan 27, 2026 at 12:10 AM","","Elliptical Trainer",,"",0,"normal",,,4.47,1825,
"Redemption Arc🔥","Jan 25, 2026 at 3:53 AM","Jan 25, 2026 at 5:13 AM","","Incline Chest Press (Machine)",,"",0,"normal",34.02,15,,,
"Redemption Arc🔥","Jan 25, 2026 at 3:53 AM","Jan 25, 2026 at 5:13 AM","","Incline Chest Press (Machine)",,"",1,"normal",43.09,12,,,
"Redemption Arc🔥","Jan 25, 2026 at 3:53 AM","Jan 25, 2026 at 5:13 AM","","Incline Chest Press (Machine)",,"",2,"normal",43.09,12,,,
"Redemption Arc🔥","Jan 25, 2026 at 3:53 AM","Jan 25, 2026 at 5:13 AM","","Incline Chest Press (Machine)",,"",3,"normal",52.16,6,,,
"Redemption Arc🔥","Jan 25, 2026 at 3:53 AM","Jan 25, 2026 at 5:13 AM","","Incline Chest Press (Machine)",,"",4,"normal",13.61,15,,,
"Redemption Arc🔥","Jan 25, 2026 at 3:53 AM","Jan 25, 2026 at 5:13 AM","","Bicep Curl (Dumbbell)",,"",0,"normal",22.68,15,,,
"Redemption Arc🔥","Jan 25, 2026 at 3:53 AM","Jan 25, 2026 at 5:13 AM","","Bicep Curl (Dumbbell)",,"",1,"normal",22.68,15,,,
"Redemption Arc🔥","Jan 25, 2026 at 3:53 AM","Jan 25, 2026 at 5:13 AM","","Bicep Curl (Dumbbell)",,"",2,"normal",22.68,12,,,
"Redemption Arc🔥","Jan 25, 2026 at 3:53 AM","Jan 25, 2026 at 5:13 AM","","Bicep Curl (Dumbbell)",,"",3,"normal",22.68,12,,,
"Redemption Arc🔥","Jan 25, 2026 at 3:53 AM","Jan 25, 2026 at 5:13 AM","","Bench Press (Dumbbell)",,"",0,"normal",31.75,12,,,
"Redemption Arc🔥","Jan 25, 2026 at 3:53 AM","Jan 25, 2026 at 5:13 AM","","Bench Press (Dumbbell)",,"",1,"normal",31.75,10,,,
"Redemption Arc🔥","Jan 25, 2026 at 3:53 AM","Jan 25, 2026 at 5:13 AM","","Bench Press (Dumbbell)",,"",2,"normal",31.75,12,,,
"Redemption Arc🔥","Jan 25, 2026 at 3:53 AM","Jan 25, 2026 at 5:13 AM","","Bench Press (Dumbbell)",,"",3,"normal",31.75,8,,,
"Redemption Arc🔥","Jan 25, 2026 at 3:53 AM","Jan 25, 2026 at 5:13 AM","","Hammer Curl (Dumbbell)",,"",0,"normal",18.14,15,,,
"Redemption Arc🔥","Jan 25, 2026 at 3:53 AM","Jan 25, 2026 at 5:13 AM","","Hammer Curl (Dumbbell)",,"",1,"normal",18.14,15,,,
"Redemption Arc🔥","Jan 25, 2026 at 3:53 AM","Jan 25, 2026 at 5:13 AM","","Hammer Curl (Dumbbell)",,"",2,"normal",18.14,15,,,
"Redemption Arc🔥","Jan 25, 2026 at 3:53 AM","Jan 25, 2026 at 5:13 AM","","Hammer Curl (Dumbbell)",,"",3,"normal",18.14,15,,,
"Redemption Arc🔥","Jan 25, 2026 at 3:53 AM","Jan 25, 2026 at 5:13 AM","","Chest Fly (Machine)",,"",0,"normal",31.75,15,,,
"Redemption Arc🔥","Jan 25, 2026 at 3:53 AM","Jan 25, 2026 at 5:13 AM","","Chest Fly (Machine)",,"",1,"normal",40.82,8,,,
"Redemption Arc🔥","Jan 25, 2026 at 3:53 AM","Jan 25, 2026 at 5:13 AM","","Chest Fly (Machine)",,"",2,"normal",40.82,8,,,
"Redemption Arc🔥","Jan 25, 2026 at 3:53 AM","Jan 25, 2026 at 5:13 AM","","Chest Fly (Machine)",,"",3,"normal",49.9,4,,,
"Redemption Arc🔥","Jan 25, 2026 at 3:53 AM","Jan 25, 2026 at 5:13 AM","","Chest Fly (Machine)",,"",4,"normal",13.61,15,,,
"Redemption Arc🔥","Jan 25, 2026 at 3:53 AM","Jan 25, 2026 at 5:13 AM","","Elliptical Trainer",,"",0,"normal",,,2.61,1833,